-- phpMyAdmin SQL Dump
-- version 5.1.1
-- https://www.phpmyadmin.net/
--
-- Servidor: 127.0.0.1
-- Tiempo de generación: 02-09-2021 a las 02:31:34
-- Versión del servidor: 10.4.20-MariaDB
-- Versión de PHP: 7.3.29

SET SQL_MODE = "NO_AUTO_VALUE_ON_ZERO";
START TRANSACTION;
SET time_zone = "+00:00";


/*!40101 SET @OLD_CHARACTER_SET_CLIENT=@@CHARACTER_SET_CLIENT */;
/*!40101 SET @OLD_CHARACTER_SET_RESULTS=@@CHARACTER_SET_RESULTS */;
/*!40101 SET @OLD_COLLATION_CONNECTION=@@COLLATION_CONNECTION */;
/*!40101 SET NAMES utf8mb4 */;

--
-- Base de datos: `biblioteca`
--

-- --------------------------------------------------------

--
-- Estructura de tabla para la tabla `autores`
--

CREATE TABLE `autores` (
  `Id_autor` int(6) NOT NULL,
  `Nombre` varchar(60) NOT NULL
) ENGINE=InnoDB DEFAULT CHARSET=utf8mb4;

--
-- Volcado de datos para la tabla `autores`
--

INSERT INTO `autores` (`Id_autor`, `Nombre`) VALUES
(201030, 'Anónimo'),
(201136, 'Chinua Achebe'),
(201242, 'Hans Christian Andersen'),
(201348, 'Dante Alighieri'),
(201454, 'Jane Austen'),
(201560, 'Honoré de Balzac'),
(201666, 'Samuel Beckett Nobel prize medal mod.png'),
(201772, 'Giovanni Boccaccio'),
(201878, 'Jorge Luis Borges'),
(201984, 'Emily Brontë'),
(202090, 'Albert Camus Nobel prize medal mod.png'),
(202196, 'Paul Celan'),
(202302, 'Louis-Ferdinand Céline'),
(202408, 'Miguel de Cervantes'),
(202514, 'Geoffrey Chaucer'),
(202620, 'Antón Chéjov'),
(202726, 'Joseph Conrad'),
(202832, 'Charles Dickens'),
(202938, 'Denis Diderot'),
(203044, 'Alfred Döblin'),
(203150, 'Fiódor Dostoievski'),
(203256, 'George Eliot'),
(203362, 'Ralph Ellison'),
(203468, 'Eurípides'),
(203574, 'William Faulkner Nobel prize medal mod.png'),
(203680, 'Gustave Flaubert'),
(203786, 'Federico García Lorca'),
(203892, 'Gabriel García Márquez Nobel prize medal mod.png'),
(203998, 'Johann Wolfgang von Goethe'),
(204104, 'Nikolai Gogol'),
(204210, 'Günter Grass Nobel prize medal mod.png'),
(204316, 'João Guimarães Rosa'),
(204422, 'Knut Hamsun Nobel prize medal mod.png'),
(204528, 'Ernest Hemingway Nobel prize medal mod.png'),
(204634, 'Homero'),
(204740, 'Henrik Ibsen'),
(204846, 'James Joyce'),
(204952, 'Franz Kafka'),
(205058, 'Kālidāsa'),
(205164, 'Yasunari Kawabata Nobel prize medal mod.png'),
(205270, 'Nikos Kazantzakis'),
(205376, 'D. H. Lawrence'),
(205482, 'Halldór Laxness Nobel prize medal mod.png'),
(205588, 'Giacomo Leopardi'),
(205694, 'Doris Lessing Nobel prize medal mod.png'),
(205800, 'Astrid Lindgren'),
(205906, 'Lu Xun'),
(206012, 'Naguib Mahfuz Nobel prize medal mod.png'),
(206118, 'Thomas Mann Nobel prize medal mod.png'),
(206224, 'Herman Melville'),
(206330, 'Michel de Montaigne'),
(206436, 'Elsa Morante'),
(206542, 'Toni Morrison Nobel prize medal mod.png'),
(206648, 'Murasaki Shikibu'),
(206754, 'Robert Musil'),
(206860, 'Vladimir Nabokov'),
(206966, 'George Orwell'),
(207072, 'Ovidio'),
(207178, 'Fernando Pessoa'),
(207284, 'Edgar Allan Poe'),
(207390, 'Marcel Proust'),
(207496, 'François Rabelais'),
(207602, 'Juan Rulfo'),
(207708, 'Rumi'),
(207814, 'Salman Rushdie'),
(207920, 'Saadi'),
(208026, 'Tayeb Salih'),
(208132, 'José Saramago Nobel prize medal mod.png'),
(208238, 'William Shakespeare'),
(208344, 'Sófocles'),
(208450, 'Stendhal'),
(208556, 'Laurence Sterne'),
(208662, 'Italo Svevo'),
(208768, 'Jonathan Swift'),
(208874, 'Lev Tolstói'),
(208980, 'Mark Twain'),
(209086, 'Valmiki'),
(209192, 'Virgilio'),
(209298, 'Viasa'),
(209404, 'Walt Whitman'),
(209510, 'Virginia Woolf'),
(209616, 'Marguerite Yourcenar');

-- --------------------------------------------------------

--
-- Estructura de tabla para la tabla `detalle_prestamo`
--

CREATE TABLE `detalle_prestamo` (
  `Id_prestamo` int(4) NOT NULL,
  `Id_libro` int(4) NOT NULL
) ENGINE=InnoDB DEFAULT CHARSET=utf8mb4;

--
-- Volcado de datos para la tabla `detalle_prestamo`
--

INSERT INTO `detalle_prestamo` (`Id_prestamo`, `Id_libro`) VALUES
(1, 19),
(1, 39),
(1, 46),
(1, 84),
(1, 91),
(2, 1),
(2, 2),
(2, 25),
(2, 97),
(3, 35),
(3, 42),
(3, 60),
(4, 2),
(4, 8),
(4, 13),
(4, 36),
(4, 53),
(4, 72),
(4, 73),
(4, 76),
(5, 15),
(5, 29),
(5, 30),
(5, 41),
(5, 73),
(5, 77),
(5, 87),
(5, 88),
(5, 98),
(6, 3),
(6, 12),
(6, 27),
(6, 44),
(6, 59),
(6, 71),
(7, 19),
(7, 32),
(7, 47),
(7, 59),
(7, 89),
(7, 89),
(7, 93),
(8, 5),
(8, 8),
(8, 14),
(8, 16),
(8, 23),
(8, 39),
(8, 73),
(9, 39),
(9, 39),
(9, 78),
(9, 85),
(10, 15),
(10, 39),
(10, 88),
(10, 93),
(10, 96),
(11, 9),
(11, 14),
(11, 29),
(11, 30),
(11, 37),
(11, 37),
(11, 85),
(11, 93),
(11, 97),
(12, 35),
(12, 39),
(12, 39),
(12, 47),
(13, 5),
(13, 7),
(13, 8),
(13, 13),
(13, 13),
(13, 43),
(13, 51),
(13, 59),
(13, 62),
(13, 62),
(13, 73),
(13, 87),
(14, 60),
(14, 89),
(15, 67),
(16, 57),
(16, 71),
(16, 91),
(16, 99),
(17, 56),
(17, 81),
(17, 97),
(18, 5),
(18, 56),
(18, 88),
(19, 1),
(19, 14),
(19, 25),
(19, 50),
(19, 64),
(20, 22),
(20, 34),
(20, 79),
(20, 79),
(20, 79),
(20, 94),
(21, 3),
(21, 19),
(21, 31),
(21, 39),
(21, 46),
(21, 52),
(22, 8),
(22, 25),
(23, 11),
(23, 14),
(23, 26),
(23, 36),
(24, 40),
(24, 56),
(24, 68),
(24, 80),
(24, 85),
(25, 21),
(26, 6),
(26, 33),
(26, 41),
(26, 41),
(27, 3),
(27, 14),
(27, 25),
(27, 46),
(27, 80),
(28, 6),
(28, 9),
(28, 31),
(28, 32),
(28, 50),
(28, 52),
(28, 63),
(28, 66),
(29, 22),
(29, 28),
(29, 41),
(29, 48),
(29, 56),
(29, 65),
(29, 70),
(30, 1),
(30, 47),
(30, 58),
(30, 78),
(30, 82),
(31, 1),
(31, 30),
(31, 37),
(31, 67),
(32, 25),
(32, 27),
(32, 46),
(32, 97),
(33, 3),
(33, 15),
(33, 47),
(33, 54),
(33, 60),
(33, 74),
(33, 75),
(33, 83),
(34, 16),
(34, 29),
(34, 43),
(34, 61),
(34, 75),
(35, 20),
(35, 42),
(35, 48),
(35, 56),
(35, 76),
(36, 7),
(36, 13),
(36, 24),
(36, 41),
(36, 48),
(36, 60),
(36, 92),
(37, 23),
(37, 56),
(37, 58),
(37, 67),
(38, 28),
(38, 34),
(38, 44),
(38, 51),
(39, 34),
(39, 43),
(39, 47),
(40, 12),
(40, 46),
(40, 49),
(40, 69),
(40, 81),
(41, 7),
(41, 10),
(41, 17),
(41, 32),
(41, 68),
(41, 88),
(41, 89),
(42, 4),
(42, 33),
(42, 72),
(42, 76),
(42, 85),
(42, 94),
(43, 4),
(43, 78),
(43, 96),
(44, 47),
(44, 89),
(45, 43),
(45, 62),
(45, 62),
(45, 75),
(45, 92),
(45, 97),
(46, 29),
(46, 29),
(46, 31),
(46, 35),
(46, 61),
(46, 74),
(46, 77),
(46, 80),
(47, 8),
(47, 29),
(47, 68),
(47, 68),
(47, 70),
(47, 95),
(47, 99),
(48, 7),
(48, 13),
(48, 27),
(48, 38),
(48, 40),
(48, 59),
(48, 68),
(48, 75),
(48, 75),
(48, 82),
(48, 98),
(49, 2),
(49, 19),
(49, 55),
(49, 58),
(49, 63),
(49, 68),
(49, 78),
(49, 99),
(50, 18),
(50, 36),
(50, 37),
(50, 47),
(50, 57),
(50, 62),
(50, 82),
(50, 96),
(50, 97),
(51, 8),
(51, 10),
(51, 20),
(51, 71),
(51, 79),
(51, 94),
(52, 9),
(52, 17),
(52, 77),
(52, 98),
(53, 4),
(53, 20),
(53, 25),
(53, 47),
(53, 49),
(54, 26),
(54, 84),
(54, 89),
(55, 13),
(55, 61),
(55, 69),
(55, 73),
(55, 75),
(55, 89),
(55, 96),
(56, 9),
(56, 46),
(56, 67),
(56, 77),
(56, 87),
(57, 2),
(57, 13),
(57, 15),
(57, 21),
(57, 46),
(57, 57),
(57, 68),
(57, 69),
(57, 79),
(58, 2),
(58, 16),
(58, 17),
(58, 18),
(58, 36),
(58, 44),
(58, 90),
(59, 42),
(59, 58),
(59, 71),
(59, 79),
(59, 97),
(60, 3),
(60, 12),
(60, 15),
(60, 18),
(60, 49),
(60, 58),
(60, 66),
(60, 76),
(61, 6),
(61, 28),
(61, 54),
(61, 56),
(61, 82),
(61, 95),
(61, 100),
(62, 13),
(62, 32),
(62, 54),
(62, 82),
(62, 82),
(63, 12),
(63, 25),
(63, 42),
(63, 66),
(63, 77),
(63, 87),
(63, 87),
(64, 28),
(64, 54),
(64, 73),
(65, 4),
(65, 57),
(65, 75),
(65, 91),
(66, 28),
(66, 45),
(66, 80),
(66, 85),
(67, 30),
(67, 30),
(67, 32),
(67, 37),
(67, 60),
(67, 70),
(68, 4),
(68, 9),
(68, 34),
(68, 51),
(68, 52),
(68, 68),
(68, 93),
(68, 100),
(69, 4),
(69, 4),
(69, 6),
(69, 30),
(69, 44),
(69, 61),
(69, 67),
(69, 77),
(69, 91),
(69, 91),
(70, 57),
(70, 67),
(70, 89),
(71, 8),
(71, 70),
(71, 73),
(72, 12),
(72, 20),
(72, 54),
(72, 74),
(72, 86),
(73, 49),
(73, 73),
(74, 9),
(74, 21),
(74, 24),
(74, 35),
(74, 44),
(74, 73),
(74, 83),
(75, 25),
(75, 79),
(75, 83),
(76, 9),
(76, 31),
(76, 50),
(76, 50),
(76, 59),
(76, 60),
(76, 67),
(76, 83),
(77, 15),
(77, 88),
(78, 23),
(78, 36),
(78, 42),
(78, 73),
(78, 80),
(79, 1),
(79, 5),
(79, 22),
(79, 35),
(79, 39),
(79, 55),
(79, 74),
(79, 95),
(80, 1),
(80, 36),
(80, 45),
(81, 2),
(81, 3),
(81, 16),
(81, 28),
(81, 35),
(81, 42),
(81, 44),
(81, 54),
(81, 89),
(81, 91),
(82, 2),
(82, 11),
(82, 19),
(82, 21),
(82, 37),
(82, 71),
(82, 88),
(83, 46),
(83, 78),
(83, 88),
(83, 91),
(84, 28),
(84, 75),
(84, 82),
(85, 13),
(85, 15),
(85, 25),
(85, 54),
(85, 67),
(85, 88),
(86, 18),
(86, 34),
(86, 46),
(86, 53),
(86, 63),
(86, 80),
(87, 21),
(87, 43),
(87, 72),
(88, 18),
(88, 20),
(88, 41),
(88, 54),
(88, 56),
(88, 58),
(88, 59),
(88, 62),
(88, 72),
(88, 95),
(89, 21),
(89, 29),
(89, 53),
(90, 5),
(90, 46),
(90, 54),
(90, 60),
(91, 8),
(91, 11),
(91, 13),
(91, 23),
(91, 32),
(91, 77),
(92, 8),
(92, 31),
(92, 45),
(92, 63),
(92, 77),
(92, 91),
(93, 66),
(93, 67),
(93, 91),
(93, 95),
(94, 3),
(94, 8),
(94, 14),
(94, 35),
(94, 68),
(94, 70),
(94, 74),
(95, 16),
(95, 35),
(95, 36),
(95, 48),
(95, 53),
(95, 71),
(95, 72),
(95, 79),
(95, 85),
(96, 34),
(96, 45),
(96, 64),
(96, 67),
(96, 79),
(97, 4),
(97, 7),
(97, 45),
(97, 59),
(97, 84),
(97, 94),
(98, 11),
(98, 11),
(98, 57),
(98, 61),
(98, 66),
(98, 69),
(98, 88),
(98, 96),
(99, 26),
(99, 45),
(99, 68),
(99, 80),
(100, 20),
(100, 68),
(100, 75),
(100, 88),
(100, 90),
(101, 3),
(101, 10),
(101, 38),
(101, 53),
(101, 62),
(101, 63),
(101, 65),
(101, 77),
(101, 85),
(101, 89),
(101, 94),
(102, 7),
(102, 16),
(102, 39),
(102, 43),
(102, 51),
(102, 86),
(103, 8),
(103, 18),
(103, 26),
(103, 32),
(103, 37),
(103, 55),
(103, 64),
(104, 21),
(104, 70),
(104, 72),
(104, 81),
(104, 84),
(104, 93),
(105, 7),
(105, 27),
(105, 50),
(105, 85),
(105, 95),
(106, 19),
(106, 34),
(106, 67),
(107, 3),
(107, 19),
(107, 44),
(107, 57),
(107, 65),
(107, 84),
(107, 88),
(107, 92),
(107, 98),
(108, 23),
(108, 24),
(108, 41),
(108, 45),
(108, 54),
(108, 69),
(108, 72),
(108, 73),
(109, 13),
(109, 21),
(109, 35),
(109, 43),
(109, 49),
(109, 51),
(109, 79),
(109, 89),
(109, 91),
(110, 36),
(110, 39),
(110, 60),
(110, 64),
(110, 72),
(110, 81),
(110, 87),
(110, 92),
(111, 5),
(111, 12),
(111, 39),
(111, 51),
(111, 78),
(111, 79),
(111, 88),
(112, 48),
(112, 56),
(112, 58),
(112, 77),
(112, 92),
(113, 24),
(113, 35),
(113, 39),
(113, 42),
(113, 46),
(113, 64),
(113, 87),
(113, 100),
(114, 69),
(114, 100),
(115, 22),
(115, 40),
(115, 44),
(115, 70),
(115, 72),
(115, 74),
(116, 8),
(116, 12),
(116, 23),
(116, 41),
(116, 54),
(116, 71),
(116, 74),
(116, 92),
(117, 14),
(117, 14),
(117, 29),
(117, 68),
(117, 90),
(117, 90),
(117, 90),
(117, 91),
(117, 93),
(118, 8),
(118, 39),
(118, 43),
(118, 51),
(118, 54),
(118, 59),
(118, 64),
(118, 83),
(118, 97),
(119, 13),
(119, 25),
(119, 59),
(119, 69),
(119, 72),
(119, 86),
(119, 88),
(119, 94),
(119, 97),
(120, 1),
(120, 11),
(120, 15),
(120, 37),
(120, 70),
(120, 71),
(120, 77),
(121, 7),
(121, 38),
(122, 10),
(122, 41),
(122, 48),
(122, 79),
(122, 81),
(123, 44),
(123, 46),
(123, 79),
(123, 92),
(123, 94),
(124, 3),
(124, 25),
(124, 50),
(124, 59),
(124, 62),
(124, 72),
(125, 2),
(125, 2),
(125, 17),
(125, 23),
(125, 30),
(125, 32),
(125, 34),
(125, 45),
(125, 49),
(125, 59),
(125, 61),
(126, 38),
(126, 40),
(127, 3),
(127, 5),
(127, 14),
(127, 28),
(127, 45),
(127, 56),
(127, 77),
(128, 5),
(128, 24),
(128, 46),
(128, 50),
(128, 63),
(128, 67),
(128, 88),
(128, 95),
(129, 7),
(129, 10),
(129, 10),
(129, 41),
(129, 78),
(130, 18),
(130, 20),
(130, 21),
(130, 33),
(130, 77),
(130, 77),
(130, 77),
(130, 82),
(130, 84),
(131, 29),
(131, 30),
(131, 57),
(131, 62),
(131, 82),
(131, 87),
(132, 5),
(132, 14),
(132, 16),
(132, 38),
(132, 44),
(132, 52),
(132, 78),
(132, 94),
(133, 1),
(133, 12),
(133, 17),
(133, 17),
(133, 28),
(133, 30),
(133, 35),
(133, 43),
(133, 56),
(134, 3),
(134, 5),
(134, 19),
(134, 32),
(134, 64),
(134, 71),
(134, 86),
(134, 91),
(135, 41),
(135, 58),
(135, 70),
(135, 94),
(136, 5),
(136, 16),
(136, 35),
(136, 58),
(136, 66),
(137, 26),
(137, 35),
(137, 56),
(137, 58),
(138, 22),
(138, 40),
(138, 56),
(138, 66),
(138, 77),
(138, 90),
(139, 16),
(139, 43),
(139, 46),
(139, 63),
(139, 90),
(139, 97),
(140, 10),
(140, 36),
(140, 53),
(140, 63),
(140, 79),
(141, 3),
(141, 23),
(141, 27),
(141, 58),
(141, 70),
(141, 72),
(142, 10),
(142, 54),
(142, 80),
(142, 82),
(143, 5),
(143, 32),
(143, 63),
(143, 73),
(143, 89),
(143, 89),
(144, 13),
(144, 32),
(144, 77),
(144, 82),
(145, 26),
(145, 34),
(145, 76),
(145, 80),
(146, 66),
(146, 77),
(146, 82),
(147, 15),
(147, 19),
(147, 45),
(148, 34),
(148, 58),
(148, 75),
(148, 94),
(148, 99),
(148, 100),
(149, 4),
(149, 24),
(149, 32),
(149, 54),
(149, 83),
(150, 13),
(150, 67),
(150, 71),
(150, 75),
(150, 77),
(150, 80),
(150, 82),
(151, 9),
(151, 12),
(151, 26),
(151, 66),
(151, 86),
(152, 6),
(152, 24),
(152, 69),
(153, 22),
(153, 29),
(153, 58),
(153, 61),
(153, 72),
(153, 73),
(153, 82),
(154, 53),
(154, 77),
(154, 83),
(155, 95),
(156, 18),
(156, 21),
(156, 30),
(156, 76),
(156, 94),
(157, 20),
(157, 66),
(157, 73),
(157, 80),
(157, 93),
(157, 99),
(158, 13),
(158, 27),
(158, 46),
(158, 47),
(158, 48),
(158, 54),
(159, 5),
(159, 29),
(159, 45),
(159, 56),
(159, 80),
(160, 9),
(160, 67),
(160, 69),
(161, 28),
(161, 45),
(161, 55),
(161, 61),
(161, 68),
(162, 10),
(162, 34),
(162, 41),
(162, 56),
(162, 59),
(162, 73),
(162, 89),
(162, 91),
(162, 92),
(162, 98),
(163, 18),
(163, 35),
(163, 66),
(163, 74),
(163, 85),
(163, 95),
(164, 11),
(164, 56),
(164, 63),
(164, 79),
(164, 79),
(164, 82),
(164, 86),
(165, 11),
(165, 19),
(165, 19),
(165, 41),
(165, 68),
(166, 11),
(166, 18),
(166, 97),
(167, 4),
(167, 39),
(167, 46),
(168, 26),
(168, 52),
(168, 55),
(168, 77),
(168, 99),
(169, 20),
(169, 21),
(170, 7),
(170, 24),
(170, 28),
(170, 50),
(170, 57),
(170, 92),
(170, 96),
(171, 1),
(171, 29),
(171, 34),
(171, 40),
(171, 57),
(171, 60),
(172, 7),
(172, 46),
(172, 71),
(172, 77),
(173, 8),
(173, 53),
(173, 67),
(173, 90),
(173, 92),
(174, 34),
(174, 44),
(174, 63),
(174, 76),
(175, 5),
(175, 20),
(175, 80),
(176, 1),
(176, 18),
(176, 26),
(176, 53),
(176, 54),
(176, 65),
(177, 19),
(177, 50),
(177, 56),
(177, 64),
(177, 79),
(178, 7),
(178, 14),
(178, 54),
(178, 72),
(179, 8),
(179, 62),
(179, 72),
(179, 73),
(179, 84),
(179, 88),
(180, 11),
(180, 19),
(180, 30),
(180, 36),
(180, 42),
(180, 48),
(180, 60),
(180, 68),
(180, 97),
(180, 98),
(181, 18),
(181, 25),
(181, 33),
(181, 51),
(181, 64),
(181, 75),
(182, 3),
(182, 32),
(182, 32),
(182, 34),
(182, 60),
(183, 12),
(183, 13),
(183, 17),
(183, 39),
(183, 57),
(183, 61),
(183, 76),
(183, 84),
(183, 90),
(183, 99),
(184, 2),
(184, 22),
(184, 26),
(184, 63),
(184, 83),
(184, 96),
(184, 100),
(185, 41),
(185, 85),
(186, 17),
(186, 27),
(186, 42),
(186, 55),
(186, 56),
(186, 74),
(186, 76),
(186, 90),
(186, 99),
(187, 7),
(187, 56),
(187, 87),
(187, 89),
(187, 92),
(187, 95),
(188, 3),
(188, 59),
(188, 62),
(188, 82),
(188, 100),
(189, 20),
(189, 26),
(189, 30),
(189, 34),
(189, 35),
(189, 46),
(189, 74),
(189, 76),
(189, 81),
(190, 45),
(190, 50),
(190, 58),
(190, 60),
(190, 60),
(190, 74),
(190, 89),
(191, 4),
(191, 9),
(191, 37),
(191, 43),
(191, 48),
(191, 53),
(191, 64),
(191, 75),
(191, 78),
(191, 92),
(192, 8),
(192, 19),
(192, 46),
(192, 59),
(192, 72),
(192, 82),
(193, 29),
(193, 80),
(193, 99),
(194, 3),
(194, 25),
(194, 28),
(194, 39),
(195, 27),
(195, 43),
(195, 70),
(195, 87),
(195, 92),
(195, 92),
(196, 10),
(196, 13),
(196, 18),
(196, 25),
(196, 58),
(196, 71),
(196, 82),
(196, 96),
(197, 71),
(197, 80),
(197, 84),
(197, 90),
(198, 15),
(198, 48),
(198, 89),
(198, 92),
(198, 99),
(199, 20),
(199, 23),
(199, 27),
(199, 48),
(199, 59),
(199, 83),
(200, 68),
(200, 76),
(201, 27),
(201, 28),
(201, 40),
(201, 67),
(201, 69),
(201, 83),
(201, 85),
(202, 4),
(202, 47),
(202, 48),
(202, 62),
(203, 48),
(203, 53),
(203, 78),
(204, 30),
(204, 61),
(204, 63),
(204, 77),
(204, 88),
(205, 2),
(205, 7),
(205, 9),
(205, 68),
(205, 74),
(206, 3),
(206, 18),
(206, 46),
(206, 63),
(206, 69),
(207, 14),
(207, 28),
(207, 28),
(207, 41),
(207, 48),
(207, 72),
(207, 84),
(207, 87),
(207, 100),
(208, 16),
(208, 16),
(208, 20),
(208, 21),
(208, 24),
(208, 61),
(208, 62),
(208, 69),
(208, 83),
(208, 95),
(209, 1),
(209, 7),
(209, 33),
(209, 34),
(209, 36),
(209, 39),
(210, 2),
(210, 50),
(210, 77),
(211, 8),
(211, 10),
(211, 32),
(211, 39),
(211, 55),
(211, 58),
(211, 66),
(212, 2),
(212, 11),
(212, 22),
(212, 22),
(212, 31),
(212, 44),
(212, 56),
(212, 68),
(212, 74),
(212, 82),
(212, 87),
(213, 5),
(213, 37),
(213, 46),
(213, 59),
(214, 14),
(214, 21),
(214, 39),
(214, 81),
(215, 15),
(215, 16),
(215, 33),
(215, 39),
(215, 42),
(215, 60),
(215, 68),
(215, 83),
(215, 94),
(216, 14),
(216, 31),
(216, 69),
(216, 71),
(217, 35),
(217, 35),
(217, 43),
(217, 76),
(217, 77),
(217, 81),
(217, 84),
(217, 86),
(217, 86),
(218, 1),
(218, 23),
(218, 54),
(218, 65),
(219, 14),
(219, 15),
(219, 22),
(219, 33),
(219, 40),
(219, 64),
(219, 78),
(220, 4),
(220, 8),
(220, 10),
(220, 10),
(220, 79),
(221, 9),
(221, 20),
(221, 28),
(221, 43),
(221, 74),
(221, 92),
(221, 96),
(222, 5),
(222, 8),
(222, 93),
(222, 98),
(223, 4),
(223, 16),
(223, 19),
(223, 50),
(223, 51),
(223, 52),
(223, 57),
(224, 39),
(224, 49),
(224, 55),
(224, 62),
(224, 63),
(224, 83),
(225, 18),
(225, 60),
(225, 78),
(225, 81),
(225, 86),
(225, 93),
(226, 7),
(226, 31),
(226, 34),
(226, 40),
(226, 43),
(226, 68),
(226, 78),
(226, 98),
(227, 7),
(227, 13),
(227, 16),
(227, 53),
(227, 96),
(228, 1),
(228, 5),
(228, 31),
(228, 49),
(228, 52),
(228, 54),
(229, 18),
(229, 30),
(229, 62),
(229, 90),
(229, 93),
(229, 95),
(230, 25),
(230, 32),
(230, 37),
(230, 46),
(230, 46),
(230, 49),
(230, 62),
(230, 70),
(231, 1),
(231, 4),
(231, 13),
(231, 17),
(231, 19),
(231, 83),
(231, 97),
(232, 1),
(232, 16),
(232, 40),
(232, 59),
(232, 65),
(232, 74),
(233, 10),
(233, 15),
(233, 23),
(233, 29),
(233, 64),
(233, 75),
(233, 85),
(234, 12),
(234, 26),
(234, 27),
(234, 36),
(234, 73),
(234, 76),
(235, 53),
(235, 54),
(235, 64),
(235, 72),
(235, 74),
(235, 76),
(235, 76),
(235, 77),
(235, 81),
(236, 8),
(236, 13),
(236, 30),
(236, 46),
(237, 18),
(237, 46),
(237, 49),
(237, 54),
(237, 54),
(237, 59),
(238, 17),
(238, 26),
(238, 28),
(238, 42),
(238, 44),
(238, 87),
(238, 93),
(239, 84),
(239, 89),
(239, 94),
(240, 4),
(240, 7),
(240, 9),
(240, 31),
(240, 31),
(240, 44),
(240, 75),
(240, 76),
(240, 77),
(240, 77),
(240, 98),
(241, 2),
(241, 5),
(241, 45),
(241, 58),
(241, 64),
(241, 70),
(241, 72),
(242, 17),
(242, 37),
(242, 52),
(242, 76),
(243, 21),
(243, 59),
(243, 87),
(244, 26),
(244, 30),
(244, 33),
(244, 34),
(244, 35),
(244, 65),
(244, 67),
(244, 79),
(244, 87),
(245, 15),
(245, 22),
(245, 42),
(245, 46),
(245, 79),
(245, 88),
(245, 89),
(246, 6),
(246, 8),
(246, 10),
(246, 14),
(246, 30),
(246, 60),
(246, 65),
(246, 71),
(246, 95),
(246, 100),
(247, 13),
(247, 26),
(247, 45),
(247, 48),
(247, 61),
(247, 75),
(248, 11),
(248, 21),
(248, 24),
(248, 49),
(248, 83),
(248, 92),
(248, 96),
(249, 25),
(249, 30),
(249, 92),
(250, 30),
(250, 44),
(250, 58),
(250, 94),
(250, 96),
(251, 19),
(251, 99),
(252, 11),
(252, 22),
(252, 38),
(252, 44),
(253, 71),
(253, 78),
(253, 84),
(254, 4),
(254, 21),
(254, 49),
(254, 62),
(254, 78),
(255, 56),
(255, 69),
(255, 94),
(255, 99),
(256, 2),
(256, 22),
(256, 39),
(256, 41),
(256, 50),
(256, 96),
(257, 22),
(257, 49),
(257, 57),
(257, 60),
(257, 74),
(258, 5),
(258, 22),
(258, 87),
(259, 13),
(259, 56),
(259, 64),
(259, 66),
(259, 95),
(259, 97),
(260, 7),
(260, 8),
(260, 33),
(260, 38),
(260, 38),
(260, 43),
(260, 46),
(260, 66),
(261, 13),
(261, 15),
(261, 16),
(261, 55),
(261, 60),
(261, 77),
(261, 86),
(262, 5),
(262, 8),
(262, 26),
(262, 55),
(262, 56),
(262, 88),
(262, 97),
(263, 27),
(263, 51),
(263, 55),
(263, 71),
(263, 85),
(263, 87),
(263, 99),
(264, 1),
(264, 58),
(264, 58),
(264, 90),
(265, 53),
(265, 57),
(266, 12),
(266, 54),
(266, 57),
(266, 57),
(267, 16),
(267, 42),
(267, 47),
(267, 77),
(267, 81),
(267, 91),
(268, 3),
(268, 20),
(268, 23),
(268, 56),
(268, 76),
(268, 79),
(268, 83),
(269, 5),
(269, 13),
(269, 23),
(269, 67),
(269, 94),
(270, 13),
(270, 16),
(270, 17),
(270, 24),
(270, 43),
(270, 79),
(270, 91),
(271, 8),
(271, 42),
(271, 73),
(271, 90),
(272, 12),
(272, 66),
(272, 78),
(272, 86),
(272, 99),
(273, 91),
(274, 15),
(274, 57),
(274, 59),
(274, 76),
(274, 100),
(275, 9),
(275, 27),
(275, 37),
(275, 48),
(275, 87),
(275, 93),
(275, 97),
(276, 10),
(276, 19),
(276, 42),
(276, 62),
(276, 95),
(276, 98),
(277, 1),
(277, 12),
(277, 16),
(277, 18),
(277, 23),
(277, 76),
(277, 80),
(278, 4),
(278, 9),
(278, 13),
(278, 20),
(278, 23),
(278, 31),
(278, 44),
(279, 12),
(279, 92),
(279, 96),
(279, 97),
(280, 38),
(280, 56),
(281, 7),
(281, 19),
(281, 54),
(281, 92),
(282, 58),
(282, 78),
(283, 27),
(283, 88),
(284, 15),
(284, 33),
(284, 57),
(284, 66),
(284, 71),
(284, 78),
(284, 82),
(285, 16),
(285, 37),
(285, 56),
(285, 60),
(286, 5),
(286, 17),
(286, 52),
(286, 61),
(286, 81),
(286, 96),
(287, 6),
(287, 51),
(287, 70),
(287, 70),
(287, 83),
(288, 2),
(288, 19),
(288, 48),
(288, 63),
(288, 64),
(288, 66),
(288, 71),
(288, 80),
(288, 100),
(289, 24),
(289, 25),
(289, 40),
(289, 51),
(290, 15),
(290, 50),
(290, 52),
(290, 54),
(290, 71),
(290, 75),
(291, 12),
(291, 82),
(291, 99),
(292, 26),
(292, 64),
(292, 65),
(293, 1),
(293, 11),
(293, 26),
(293, 86),
(294, 9),
(294, 14),
(294, 17),
(294, 26),
(294, 47),
(294, 57),
(294, 58),
(294, 58),
(294, 63),
(294, 63),
(294, 67),
(294, 82),
(294, 85),
(295, 15),
(295, 16),
(295, 31),
(295, 59),
(295, 88),
(296, 11),
(296, 45),
(296, 49),
(296, 85),
(297, 92),
(298, 2),
(298, 8),
(298, 12),
(298, 18),
(298, 23),
(298, 24),
(298, 31),
(298, 32),
(298, 36),
(298, 48),
(298, 67),
(298, 87),
(298, 89),
(299, 24),
(299, 83),
(299, 90),
(299, 99),
(300, 29),
(300, 29),
(300, 43),
(300, 63),
(300, 88),
(300, 95),
(300, 98),
(301, 9),
(301, 20),
(301, 34),
(301, 77),
(301, 95),
(301, 98),
(302, 2),
(302, 8),
(302, 94),
(302, 96),
(303, 2),
(303, 25),
(303, 41),
(303, 54),
(303, 79),
(303, 80),
(304, 26),
(304, 36),
(304, 61),
(304, 64),
(304, 66),
(304, 81),
(304, 83),
(305, 49),
(305, 73),
(305, 82),
(306, 10),
(306, 35),
(306, 44),
(306, 71),
(307, 8),
(307, 30),
(307, 45),
(307, 55),
(307, 63),
(308, 12),
(308, 20),
(308, 41),
(308, 51),
(308, 64),
(308, 67),
(308, 68),
(308, 82),
(309, 70),
(309, 99),
(310, 14),
(310, 57),
(310, 69),
(310, 79),
(311, 1),
(311, 3),
(311, 19),
(311, 34),
(311, 44),
(312, 13),
(312, 27),
(312, 29),
(312, 30),
(312, 71),
(313, 2),
(313, 5),
(313, 37),
(313, 81),
(314, 1),
(314, 50),
(314, 51),
(314, 90),
(315, 14),
(315, 22),
(315, 31),
(315, 49),
(315, 50),
(315, 58),
(315, 65),
(316, 7),
(316, 17),
(316, 33),
(316, 44),
(316, 78),
(316, 81),
(316, 87),
(316, 88),
(317, 26),
(317, 33),
(317, 41),
(317, 44),
(317, 61),
(317, 65),
(317, 80),
(317, 84),
(317, 96),
(317, 97),
(318, 16),
(318, 21),
(318, 26),
(318, 29),
(318, 32),
(318, 79),
(319, 13),
(319, 33),
(319, 47),
(319, 91),
(320, 2),
(320, 6),
(320, 13),
(320, 23),
(320, 25),
(320, 31),
(320, 45),
(320, 82),
(320, 97),
(321, 28),
(321, 32),
(321, 34),
(321, 44),
(321, 58),
(321, 84),
(321, 97),
(322, 13),
(322, 18),
(322, 31),
(322, 43),
(322, 92),
(323, 12),
(323, 34),
(323, 51),
(323, 64),
(323, 70),
(323, 75),
(323, 77),
(323, 94),
(323, 100),
(324, 6),
(324, 64),
(324, 84),
(324, 99),
(325, 7),
(325, 9),
(325, 14),
(325, 64),
(325, 71),
(325, 72),
(325, 72),
(325, 75),
(325, 91),
(325, 95),
(325, 100),
(326, 20),
(326, 36),
(326, 74),
(326, 93),
(327, 11),
(327, 22),
(327, 34),
(327, 66),
(327, 75),
(327, 76),
(327, 80),
(327, 84),
(327, 94),
(327, 98),
(328, 2),
(328, 8),
(328, 9),
(328, 22),
(328, 25),
(328, 32),
(328, 40),
(328, 65),
(328, 67),
(329, 3),
(329, 44),
(329, 75),
(329, 81),
(329, 96),
(330, 13),
(331, 23),
(331, 26),
(331, 45),
(331, 49),
(331, 77),
(331, 91),
(332, 17),
(332, 35),
(332, 60),
(332, 66),
(333, 51),
(333, 88),
(333, 100),
(334, 2),
(334, 28),
(334, 32),
(334, 37),
(334, 42),
(334, 44),
(334, 51),
(334, 83),
(334, 89),
(335, 28),
(335, 33),
(335, 35),
(335, 62),
(335, 88),
(336, 6),
(336, 8),
(336, 17),
(336, 60),
(336, 84),
(337, 2),
(337, 34),
(337, 37),
(337, 60),
(337, 99),
(338, 34),
(338, 59),
(338, 74),
(339, 22),
(339, 64),
(339, 67),
(339, 73),
(339, 75),
(339, 78),
(339, 84),
(339, 98),
(340, 21),
(340, 48),
(340, 64),
(340, 80),
(340, 99),
(341, 78),
(341, 92),
(342, 16),
(342, 40),
(342, 45),
(342, 64),
(342, 90),
(343, 17),
(343, 18),
(343, 23),
(343, 50),
(343, 71),
(343, 87),
(343, 96),
(343, 99),
(344, 3),
(344, 24),
(344, 33),
(344, 37),
(344, 48),
(344, 51),
(344, 77),
(344, 86),
(345, 1),
(345, 1),
(345, 35),
(345, 80),
(346, 9),
(346, 21),
(346, 38),
(346, 60),
(346, 67),
(346, 68),
(346, 72),
(346, 80),
(346, 86),
(347, 4),
(347, 4),
(347, 50),
(348, 6),
(348, 15),
(348, 21),
(348, 23),
(348, 35),
(348, 39),
(348, 41),
(348, 94),
(349, 21),
(349, 23),
(349, 31),
(349, 49),
(349, 55),
(349, 62),
(349, 76),
(350, 41),
(350, 42),
(350, 56),
(350, 61),
(350, 75),
(350, 79),
(351, 5),
(351, 9),
(351, 14),
(351, 19),
(351, 89),
(352, 35),
(352, 45),
(352, 67),
(352, 71),
(353, 18),
(353, 30),
(353, 44),
(353, 49),
(353, 58),
(353, 86),
(353, 100),
(354, 21),
(354, 21),
(354, 54),
(354, 67),
(355, 7),
(355, 61),
(355, 66),
(355, 74),
(355, 96),
(355, 96),
(356, 32),
(356, 40),
(356, 41),
(356, 54),
(356, 72),
(357, 24),
(357, 43),
(357, 43),
(357, 85),
(358, 15),
(358, 23),
(358, 61),
(358, 66),
(358, 76),
(358, 78),
(358, 79),
(358, 93),
(359, 6),
(359, 13),
(359, 14),
(359, 33),
(359, 61),
(359, 74),
(359, 75),
(359, 88),
(359, 95),
(359, 98),
(360, 2),
(360, 18),
(361, 6),
(361, 27),
(361, 79),
(361, 87),
(362, 33),
(362, 40),
(362, 47),
(362, 60),
(362, 67),
(362, 75),
(362, 80),
(362, 89),
(362, 89),
(363, 23),
(363, 36),
(363, 40),
(363, 42),
(363, 56),
(363, 66),
(364, 42),
(364, 54),
(364, 70),
(364, 99),
(365, 18),
(365, 33),
(365, 60),
(366, 31),
(366, 35),
(366, 38),
(366, 38),
(366, 67),
(367, 29),
(367, 78),
(367, 86),
(367, 87),
(367, 97),
(368, 19),
(368, 68),
(369, 23),
(369, 40),
(369, 47),
(369, 58),
(369, 64),
(369, 78),
(370, 4),
(370, 32),
(370, 34),
(370, 37),
(370, 80),
(371, 7),
(371, 40),
(371, 46),
(371, 80),
(371, 86),
(372, 11),
(372, 13),
(372, 33),
(372, 38),
(372, 40),
(372, 82),
(372, 84),
(372, 94),
(372, 95),
(373, 1),
(373, 29),
(373, 47),
(373, 47),
(373, 54),
(373, 54),
(373, 54),
(373, 70),
(374, 16),
(374, 24),
(374, 41),
(374, 54),
(374, 67),
(374, 70),
(374, 83),
(375, 25),
(375, 29),
(375, 57),
(375, 68),
(375, 96),
(376, 24),
(376, 36),
(376, 46),
(376, 52),
(376, 60),
(376, 70),
(376, 70),
(376, 91),
(376, 92),
(377, 2),
(377, 9),
(377, 28),
(377, 39),
(377, 48),
(377, 56),
(377, 78),
(377, 81),
(377, 92),
(378, 18),
(378, 24),
(378, 57),
(378, 68),
(378, 90),
(379, 14),
(379, 17),
(379, 26),
(379, 47),
(379, 66),
(379, 89),
(380, 26),
(380, 32),
(380, 60),
(380, 74),
(380, 81),
(381, 7),
(381, 8),
(381, 20),
(381, 73),
(381, 82),
(382, 32),
(382, 59),
(383, 6),
(383, 49),
(383, 65),
(383, 68),
(383, 88),
(384, 8),
(384, 50),
(385, 71),
(385, 89),
(386, 7),
(386, 65),
(386, 77),
(386, 86),
(387, 66),
(387, 75),
(387, 78),
(388, 2),
(388, 70),
(389, 9),
(389, 11),
(389, 14),
(389, 22),
(389, 38),
(390, 5),
(390, 17),
(390, 29),
(390, 33),
(390, 38),
(390, 45),
(390, 83),
(391, 78),
(391, 94),
(391, 95),
(392, 6),
(392, 12),
(392, 13),
(392, 36),
(392, 50),
(392, 89),
(393, 24),
(393, 26),
(393, 59),
(393, 81),
(394, 18),
(394, 19),
(394, 47),
(394, 71),
(394, 82),
(395, 13),
(395, 45),
(395, 59),
(395, 72),
(395, 90),
(395, 97),
(396, 8),
(396, 20),
(396, 51),
(396, 54),
(396, 73),
(396, 73),
(396, 87),
(396, 89),
(397, 17),
(397, 22),
(397, 28),
(397, 45),
(397, 99),
(398, 49),
(398, 51),
(398, 93),
(398, 96),
(399, 11),
(399, 43),
(399, 49),
(399, 91),
(399, 95),
(400, 21),
(400, 27),
(400, 33),
(400, 34),
(401, 13),
(401, 20),
(401, 24),
(401, 25),
(401, 42),
(401, 70),
(401, 92),
(402, 30),
(402, 46),
(402, 68),
(402, 72),
(402, 73),
(402, 88),
(403, 1),
(403, 26),
(403, 27),
(403, 45),
(403, 50),
(403, 52),
(403, 78),
(403, 95),
(404, 20),
(404, 30),
(404, 37),
(404, 52),
(404, 86),
(405, 9),
(405, 12),
(405, 15),
(405, 34),
(405, 47),
(405, 83),
(405, 92),
(405, 99),
(406, 6),
(406, 13),
(406, 41),
(406, 51),
(406, 62),
(406, 66),
(406, 73),
(406, 97),
(407, 4),
(407, 90),
(408, 27),
(408, 36),
(409, 8),
(409, 14),
(409, 15),
(409, 25),
(409, 34),
(409, 63),
(409, 71),
(409, 94),
(410, 1),
(410, 10),
(410, 30),
(410, 56),
(410, 71),
(411, 15),
(411, 49),
(411, 90),
(412, 5),
(412, 34),
(412, 37),
(412, 51),
(412, 65),
(412, 76),
(413, 21),
(413, 36),
(413, 39),
(413, 52),
(413, 84),
(413, 84),
(413, 90),
(413, 98),
(414, 5),
(414, 34),
(414, 58),
(414, 75),
(414, 82),
(415, 6),
(415, 21),
(415, 27),
(415, 33),
(415, 40),
(415, 44),
(415, 53),
(415, 58),
(415, 59),
(416, 22),
(416, 76),
(417, 11),
(417, 19),
(417, 22),
(417, 33),
(417, 33),
(417, 41),
(417, 74),
(417, 88),
(417, 89),
(417, 93),
(418, 3),
(418, 60),
(418, 90),
(418, 96),
(419, 1),
(419, 8),
(419, 12),
(419, 21),
(419, 30),
(419, 51),
(420, 21),
(420, 40),
(420, 46),
(420, 73),
(420, 90),
(421, 11),
(421, 35),
(421, 46),
(421, 57),
(421, 60),
(421, 71),
(421, 74),
(422, 9),
(422, 49),
(422, 52),
(422, 58),
(423, 20),
(423, 73),
(423, 92),
(424, 5),
(424, 17),
(424, 23),
(424, 28),
(424, 32),
(424, 40),
(424, 52),
(424, 62),
(424, 65),
(424, 83),
(425, 8),
(425, 25),
(425, 42),
(425, 44),
(425, 55),
(425, 65),
(425, 71),
(425, 77),
(425, 77),
(425, 98),
(426, 29),
(426, 43),
(426, 71),
(426, 73),
(426, 73),
(426, 75),
(426, 80),
(426, 86),
(427, 1),
(427, 3),
(427, 11),
(427, 29),
(427, 39),
(427, 49),
(427, 62),
(427, 87),
(427, 96),
(428, 2),
(428, 10),
(428, 81),
(428, 96),
(429, 76),
(429, 78),
(429, 87),
(429, 99),
(430, 3),
(430, 9),
(430, 11),
(430, 16),
(430, 28),
(430, 36),
(430, 51),
(430, 58),
(430, 61),
(430, 76),
(430, 94),
(431, 15),
(431, 46),
(431, 76),
(431, 82),
(432, 44),
(432, 82),
(432, 99),
(433, 35),
(433, 64),
(433, 69),
(433, 86),
(433, 89),
(433, 94),
(434, 59),
(434, 66),
(434, 74),
(434, 99),
(435, 9),
(435, 32),
(435, 38),
(435, 52),
(435, 79),
(435, 94),
(436, 9),
(436, 12),
(436, 23),
(436, 73),
(436, 84),
(436, 88),
(436, 99),
(437, 43),
(437, 48),
(437, 57),
(437, 61),
(437, 85),
(437, 88),
(438, 61),
(438, 62),
(438, 63),
(438, 70),
(438, 89),
(439, 12),
(439, 28),
(439, 34),
(439, 35),
(439, 66),
(439, 68),
(440, 5),
(440, 17),
(440, 32),
(440, 37),
(440, 41),
(440, 67),
(440, 86),
(440, 88),
(440, 94),
(441, 14),
(441, 31),
(441, 38),
(441, 66),
(441, 77),
(441, 95),
(442, 15),
(442, 27),
(442, 48),
(442, 68),
(442, 78),
(442, 96),
(443, 14),
(443, 82),
(443, 99),
(444, 4),
(444, 60),
(444, 64),
(444, 71),
(444, 93),
(444, 94),
(445, 7),
(445, 41),
(445, 44),
(445, 46),
(445, 49),
(445, 68),
(445, 72),
(445, 87),
(445, 89),
(445, 91),
(445, 98),
(446, 43),
(446, 73),
(446, 80),
(446, 83),
(447, 39),
(447, 41),
(447, 77),
(448, 39),
(448, 46),
(448, 61),
(448, 83),
(449, 3),
(449, 25),
(449, 29),
(449, 40),
(449, 75),
(450, 22),
(450, 43),
(450, 47),
(450, 62),
(450, 68),
(450, 78),
(450, 89),
(451, 24),
(451, 33),
(451, 53),
(452, 22),
(452, 43),
(452, 57),
(452, 70),
(453, 15),
(453, 43),
(453, 50),
(454, 10),
(454, 21),
(454, 49),
(454, 54),
(454, 65),
(455, 11),
(455, 16),
(455, 19),
(455, 32),
(455, 33),
(455, 44),
(455, 58),
(455, 61),
(455, 67),
(456, 8),
(456, 30),
(456, 55),
(456, 73),
(456, 75),
(456, 77),
(456, 88),
(456, 91),
(457, 6),
(457, 9),
(457, 27),
(457, 37),
(457, 40),
(457, 52),
(458, 1),
(458, 26),
(458, 26),
(458, 30),
(458, 35),
(458, 37),
(458, 54),
(458, 84),
(458, 86),
(459, 15),
(459, 69),
(459, 78),
(459, 81),
(459, 90),
(460, 14),
(460, 20),
(460, 24),
(460, 57),
(460, 70),
(461, 1),
(461, 5),
(461, 15),
(461, 44),
(461, 48),
(461, 63),
(461, 76),
(461, 77),
(461, 81),
(461, 88),
(462, 11),
(462, 13),
(462, 14),
(462, 77),
(463, 33),
(463, 45),
(463, 51),
(463, 84),
(464, 11),
(464, 16),
(464, 20),
(464, 73),
(464, 76),
(464, 82),
(465, 2),
(465, 23),
(465, 25),
(465, 30),
(465, 32),
(465, 34),
(465, 90),
(465, 96),
(466, 14),
(466, 25),
(466, 33),
(466, 34),
(466, 47),
(466, 67),
(467, 26),
(467, 50),
(467, 56),
(467, 81),
(467, 96),
(468, 8),
(468, 52),
(468, 90),
(469, 38),
(469, 59),
(469, 88),
(469, 89),
(470, 73),
(470, 84),
(470, 85),
(471, 5),
(471, 45),
(471, 76),
(471, 85),
(472, 39),
(472, 44),
(472, 45),
(472, 47),
(472, 68),
(472, 68),
(472, 71),
(472, 71),
(472, 75),
(473, 1),
(473, 12),
(473, 26),
(473, 43),
(473, 44),
(473, 83),
(473, 85),
(473, 92),
(473, 99),
(474, 12),
(474, 33),
(474, 38),
(474, 41),
(474, 65),
(474, 68),
(474, 90),
(475, 32),
(475, 41),
(475, 64),
(475, 66),
(475, 94),
(475, 95),
(475, 97),
(476, 39),
(476, 43),
(476, 45),
(476, 46),
(476, 70),
(476, 86),
(476, 89),
(476, 94),
(477, 8),
(477, 26),
(477, 72),
(477, 87),
(477, 99),
(478, 25),
(478, 38),
(478, 90),
(479, 1),
(479, 31),
(479, 43),
(479, 92),
(480, 10),
(480, 52),
(480, 65),
(480, 66),
(480, 79),
(480, 82),
(481, 5),
(481, 46),
(481, 48),
(481, 66),
(481, 81),
(481, 86),
(482, 10),
(482, 20),
(482, 30),
(482, 31),
(482, 46),
(483, 14),
(483, 32),
(483, 49),
(483, 95),
(484, 6),
(484, 18),
(484, 24),
(484, 44),
(484, 51),
(484, 80),
(485, 11),
(485, 93),
(486, 1),
(486, 45),
(486, 49),
(487, 19),
(487, 32),
(487, 40),
(487, 64),
(487, 70),
(487, 100),
(488, 9),
(488, 11),
(488, 14),
(488, 36),
(488, 42),
(488, 51),
(488, 69),
(489, 32),
(489, 89),
(489, 91),
(490, 4),
(490, 13),
(490, 16),
(490, 17),
(490, 22),
(490, 40),
(490, 52),
(490, 55),
(490, 76),
(490, 81),
(490, 89),
(490, 92),
(491, 18),
(491, 24),
(491, 29),
(491, 36),
(491, 51),
(491, 80),
(491, 87),
(491, 93),
(491, 93),
(492, 17),
(492, 17),
(492, 21),
(492, 24),
(492, 46),
(492, 51),
(492, 77),
(493, 6),
(493, 24),
(493, 41),
(493, 42),
(493, 43),
(494, 37),
(494, 41),
(494, 72),
(494, 89),
(495, 13),
(495, 17),
(495, 29),
(495, 36),
(495, 45),
(495, 59),
(495, 94),
(495, 98),
(496, 4),
(496, 8),
(496, 28),
(496, 41),
(496, 60),
(496, 94),
(497, 74),
(497, 78),
(497, 84),
(497, 95),
(498, 10),
(498, 20),
(498, 36),
(498, 38),
(498, 49),
(498, 76),
(498, 86),
(498, 98),
(499, 12),
(499, 32),
(499, 44),
(499, 45),
(499, 58),
(499, 70),
(499, 71),
(500, 12),
(500, 15),
(500, 59),
(500, 66),
(500, 97),
(501, 8),
(501, 21),
(501, 22),
(501, 42),
(501, 82),
(501, 87),
(501, 96),
(502, 16),
(502, 51),
(502, 52),
(502, 57),
(502, 73),
(502, 87),
(503, 29),
(503, 50),
(503, 59),
(503, 69),
(503, 85),
(504, 4),
(504, 10),
(504, 13),
(504, 25),
(505, 20),
(505, 36),
(505, 87),
(505, 99),
(506, 23),
(506, 29),
(506, 42),
(506, 52),
(506, 59),
(506, 60),
(506, 72),
(506, 76),
(507, 13),
(507, 19),
(507, 94),
(508, 4),
(508, 5),
(508, 6),
(508, 11),
(508, 20),
(508, 29),
(508, 36),
(508, 67),
(508, 81),
(508, 100),
(509, 49),
(509, 51),
(509, 66),
(509, 69),
(509, 75),
(509, 100),
(510, 56),
(510, 84),
(510, 85),
(511, 34),
(511, 45),
(511, 51),
(511, 88),
(511, 92),
(511, 96),
(512, 10),
(512, 36),
(512, 65),
(512, 78),
(512, 79),
(512, 82),
(512, 86),
(513, 23),
(513, 28),
(513, 35),
(513, 40),
(513, 45),
(513, 63),
(513, 68),
(513, 75),
(514, 9),
(514, 26),
(514, 56),
(515, 22),
(515, 24),
(515, 27),
(515, 40),
(515, 68),
(516, 2),
(516, 38),
(516, 44),
(516, 58),
(516, 95),
(517, 10),
(517, 52),
(517, 99),
(518, 11),
(518, 50),
(518, 99),
(519, 41),
(519, 63),
(519, 65),
(519, 78),
(519, 81),
(520, 5),
(520, 34),
(520, 40),
(520, 41),
(520, 48),
(520, 48),
(520, 55),
(520, 81),
(521, 12),
(521, 18),
(521, 28),
(521, 55),
(521, 60),
(521, 72),
(522, 21),
(522, 32),
(522, 39),
(522, 50),
(522, 88),
(523, 11),
(523, 56),
(523, 88),
(524, 1),
(524, 9),
(524, 48),
(524, 60),
(524, 67),
(524, 94),
(525, 16),
(525, 57),
(525, 82),
(526, 29),
(526, 37),
(526, 38),
(526, 45),
(526, 54),
(526, 73),
(526, 88),
(527, 5),
(527, 46),
(527, 58),
(527, 59),
(527, 73),
(527, 86),
(527, 90),
(528, 23),
(528, 32),
(528, 72),
(528, 74),
(529, 26),
(529, 52),
(529, 65),
(529, 69),
(529, 84),
(530, 11),
(530, 32),
(530, 35),
(530, 42),
(530, 52),
(531, 39),
(532, 37),
(532, 50),
(532, 53),
(532, 62),
(532, 72),
(532, 80),
(532, 85),
(533, 49),
(533, 50),
(533, 71),
(533, 75),
(533, 91),
(534, 44),
(534, 48),
(534, 55),
(534, 62),
(535, 9),
(535, 12),
(535, 13),
(535, 18),
(535, 33),
(535, 44),
(535, 53),
(535, 61),
(535, 61),
(535, 77),
(535, 77),
(535, 98),
(536, 15),
(536, 33),
(536, 53),
(536, 55),
(536, 62),
(536, 79),
(536, 93),
(536, 98),
(537, 10),
(537, 33),
(537, 33),
(537, 46),
(537, 92),
(538, 23),
(538, 32),
(538, 47),
(538, 60),
(538, 83),
(538, 95),
(539, 23),
(539, 48),
(539, 72),
(539, 88),
(539, 89),
(539, 99),
(540, 9),
(540, 48),
(540, 53),
(540, 69),
(540, 78),
(540, 81),
(540, 90),
(541, 8),
(541, 26),
(541, 40),
(541, 64),
(541, 66),
(541, 69),
(541, 99),
(542, 5),
(542, 13),
(543, 5),
(543, 15),
(543, 33),
(543, 50),
(543, 63),
(543, 67),
(543, 76),
(543, 96),
(543, 100),
(544, 13),
(544, 13),
(544, 23),
(544, 31),
(544, 35),
(544, 35),
(544, 37),
(544, 45),
(544, 50),
(544, 71),
(545, 2),
(545, 78),
(546, 14),
(546, 27),
(546, 46),
(546, 94),
(547, 6),
(547, 18),
(547, 34),
(547, 36),
(547, 42),
(547, 47),
(547, 65),
(547, 98),
(548, 12),
(548, 44),
(548, 66),
(548, 96),
(549, 63),
(549, 80),
(549, 100),
(550, 68),
(550, 76),
(550, 84),
(550, 89),
(550, 93),
(550, 99),
(551, 27),
(551, 29),
(551, 85),
(552, 14),
(552, 29),
(552, 45),
(552, 49),
(553, 9),
(553, 26),
(553, 43),
(553, 58),
(553, 63),
(553, 63),
(553, 83),
(553, 84),
(553, 97),
(554, 11),
(554, 20),
(554, 45),
(554, 74),
(554, 91),
(554, 97),
(555, 90),
(555, 100),
(556, 23),
(556, 30),
(556, 30),
(556, 63),
(556, 64),
(556, 70),
(556, 86),
(556, 96),
(557, 14),
(557, 15),
(557, 18),
(557, 19),
(557, 55),
(557, 55),
(557, 69),
(557, 77),
(557, 83),
(557, 87),
(558, 8),
(558, 16),
(558, 26),
(558, 30),
(558, 47),
(559, 10),
(559, 29),
(559, 41),
(559, 50),
(559, 55),
(559, 56),
(559, 59),
(559, 67),
(559, 89),
(559, 92),
(560, 4),
(560, 6),
(560, 61),
(560, 87),
(561, 10),
(561, 20),
(561, 42),
(561, 67),
(562, 6),
(562, 25),
(562, 74),
(562, 89),
(563, 2),
(563, 24),
(563, 84),
(564, 23),
(564, 26),
(565, 16),
(565, 63),
(565, 65),
(565, 76),
(565, 92),
(565, 98),
(566, 1),
(566, 21),
(566, 49),
(566, 56),
(566, 61),
(566, 73),
(567, 38),
(567, 43),
(567, 78),
(568, 12),
(568, 21),
(568, 32),
(568, 44),
(568, 45),
(569, 23),
(569, 30),
(569, 49),
(570, 15),
(570, 16),
(570, 75),
(570, 76),
(570, 85),
(570, 99),
(571, 1),
(571, 17),
(571, 24),
(571, 39),
(571, 49),
(571, 54),
(571, 62),
(571, 66),
(571, 79),
(571, 84),
(572, 11),
(572, 69),
(572, 96),
(573, 1),
(573, 27),
(573, 42),
(573, 44),
(573, 96),
(574, 27),
(574, 97),
(575, 42),
(575, 66),
(575, 85),
(575, 87),
(576, 37),
(576, 37),
(576, 46),
(576, 53),
(576, 93),
(576, 95),
(577, 36),
(577, 62),
(577, 76),
(577, 79),
(578, 4),
(578, 6),
(578, 13),
(578, 28),
(578, 40),
(578, 58),
(578, 68),
(578, 73),
(579, 6),
(579, 16),
(579, 30),
(579, 36),
(579, 66),
(579, 69),
(580, 2),
(580, 4),
(580, 33),
(580, 55),
(580, 69),
(580, 78),
(580, 82),
(580, 90),
(581, 26),
(581, 28),
(582, 34),
(582, 49),
(583, 2),
(583, 3),
(583, 3),
(583, 12),
(583, 23),
(583, 30),
(583, 60),
(583, 68),
(583, 72),
(584, 11),
(584, 47),
(584, 57),
(584, 67),
(584, 82),
(584, 87),
(585, 20),
(585, 52),
(585, 87),
(586, 4),
(586, 32),
(586, 33),
(586, 96),
(587, 11),
(587, 13),
(587, 20),
(587, 25),
(587, 33),
(587, 38),
(587, 48),
(587, 50),
(587, 50),
(587, 85),
(587, 87),
(587, 98),
(587, 98),
(588, 12),
(588, 17),
(588, 21),
(588, 88),
(589, 46),
(589, 77),
(589, 87),
(590, 11),
(590, 19),
(590, 34),
(590, 63),
(590, 65),
(590, 71),
(590, 90),
(591, 18),
(591, 40),
(591, 51),
(591, 54),
(592, 10),
(592, 47),
(592, 52),
(592, 57),
(592, 87),
(592, 95),
(593, 10),
(593, 20),
(593, 31),
(593, 32),
(593, 48),
(593, 48),
(593, 58),
(593, 85),
(593, 95),
(593, 95),
(594, 16),
(594, 71),
(594, 72),
(594, 97),
(594, 98),
(595, 2),
(595, 5),
(595, 14),
(595, 24),
(595, 26),
(595, 42),
(595, 76),
(596, 13),
(596, 44),
(596, 61),
(597, 9),
(597, 24),
(597, 34),
(597, 58),
(597, 78),
(597, 99),
(598, 4),
(598, 18),
(598, 27),
(598, 47),
(598, 57),
(599, 4),
(599, 45),
(599, 62),
(599, 69),
(599, 100),
(600, 2),
(600, 3),
(600, 35),
(600, 91),
(601, 12),
(601, 32),
(601, 39),
(601, 60),
(601, 94),
(601, 95),
(601, 95),
(602, 42),
(602, 76),
(602, 95),
(603, 12),
(603, 17),
(603, 35),
(603, 53),
(603, 80),
(603, 84),
(603, 87),
(603, 97),
(604, 13),
(604, 13),
(604, 37),
(604, 65),
(604, 73),
(604, 79),
(605, 21),
(605, 35),
(605, 53),
(605, 90),
(606, 15),
(606, 18),
(606, 49),
(606, 62),
(607, 13),
(607, 17),
(607, 25),
(607, 55),
(607, 55),
(607, 60),
(607, 71),
(607, 87),
(608, 4),
(608, 16),
(608, 57),
(608, 58),
(608, 79),
(608, 90),
(608, 94),
(608, 100),
(609, 18),
(609, 22),
(609, 40),
(609, 57),
(609, 86),
(609, 87),
(609, 95),
(609, 100),
(610, 37),
(610, 54),
(610, 58),
(610, 59),
(610, 89),
(610, 93),
(611, 11),
(611, 31),
(611, 34),
(611, 62),
(612, 40),
(612, 41),
(612, 56),
(612, 63),
(612, 83),
(613, 2),
(613, 13),
(613, 35),
(613, 37),
(613, 52),
(613, 69),
(613, 79),
(613, 94),
(613, 97),
(614, 1),
(614, 5),
(614, 27),
(614, 29),
(614, 71),
(614, 94),
(614, 96),
(615, 41),
(615, 49),
(615, 67),
(615, 71),
(615, 72),
(615, 95),
(616, 25),
(616, 38),
(616, 59),
(616, 75),
(617, 60),
(617, 68),
(617, 82),
(618, 14),
(618, 36),
(618, 51),
(618, 63),
(618, 81),
(618, 92),
(619, 1),
(619, 14),
(619, 16),
(619, 34),
(619, 50),
(619, 90),
(620, 13),
(620, 17),
(620, 63),
(620, 63),
(620, 98),
(621, 29),
(621, 84),
(622, 17),
(622, 61),
(622, 71),
(622, 83),
(623, 9),
(623, 15),
(623, 20),
(623, 37),
(623, 47),
(623, 74),
(623, 89),
(623, 93),
(624, 21),
(624, 30),
(624, 34),
(624, 48),
(624, 50),
(624, 52),
(624, 76),
(624, 87),
(625, 6),
(625, 10),
(625, 18),
(625, 19),
(625, 24),
(625, 31),
(625, 49),
(625, 53),
(625, 58),
(625, 59),
(625, 59),
(625, 77),
(625, 77),
(625, 85),
(625, 96),
(626, 11),
(626, 45),
(626, 46),
(627, 6),
(627, 64),
(628, 25),
(628, 33),
(628, 50),
(628, 54),
(628, 58),
(628, 65),
(628, 89),
(628, 91),
(628, 92),
(629, 8),
(629, 11),
(629, 20),
(629, 38),
(629, 53),
(629, 56),
(629, 72),
(630, 15),
(630, 17),
(630, 34),
(630, 48),
(630, 49),
(630, 52),
(630, 72),
(630, 88),
(631, 26),
(631, 50),
(631, 62),
(631, 99),
(632, 18),
(632, 19),
(632, 20),
(632, 22),
(632, 32),
(632, 58),
(632, 68),
(632, 70),
(633, 30),
(633, 64),
(633, 78),
(633, 85),
(634, 13),
(634, 28),
(634, 53),
(634, 82),
(634, 86),
(635, 5),
(635, 9),
(635, 20),
(635, 68),
(635, 80),
(636, 11),
(636, 18),
(636, 71),
(636, 97),
(636, 98),
(637, 22),
(637, 48),
(637, 71),
(637, 77),
(637, 96),
(638, 26),
(639, 17),
(639, 24),
(639, 40),
(639, 63),
(640, 30),
(640, 39),
(640, 42),
(640, 52),
(640, 61),
(641, 24),
(641, 27),
(641, 37),
(642, 3),
(642, 41),
(642, 52),
(642, 74),
(642, 78),
(642, 79),
(642, 82),
(643, 2),
(643, 27),
(643, 45),
(643, 80),
(643, 93),
(644, 18),
(644, 19),
(644, 35),
(644, 99),
(645, 31),
(645, 32),
(645, 33),
(645, 41),
(645, 48),
(645, 61),
(645, 64),
(645, 64),
(645, 77),
(645, 84),
(645, 87),
(645, 97),
(646, 1),
(646, 29),
(646, 53),
(646, 61),
(646, 75),
(646, 81),
(647, 16),
(647, 29),
(647, 45),
(647, 68),
(647, 74),
(647, 99),
(648, 3),
(648, 13),
(648, 37),
(648, 44),
(648, 58),
(648, 77),
(648, 92),
(649, 31),
(649, 33),
(649, 81),
(649, 94),
(650, 1),
(650, 2),
(650, 6),
(650, 42),
(650, 73),
(651, 1),
(651, 11),
(651, 15),
(651, 50),
(651, 54),
(651, 68),
(652, 22),
(652, 54),
(652, 58),
(652, 67),
(652, 70),
(652, 84),
(652, 88),
(653, 5),
(653, 15),
(653, 43),
(653, 53),
(653, 64),
(653, 89),
(654, 4),
(654, 4),
(654, 18),
(654, 27),
(654, 56),
(654, 70),
(654, 78),
(654, 92),
(655, 8),
(655, 16),
(655, 27),
(655, 33),
(655, 37),
(655, 38),
(655, 53),
(655, 57),
(655, 82),
(655, 88),
(656, 6),
(656, 31),
(656, 37),
(656, 43),
(656, 57),
(656, 67),
(656, 85),
(656, 91),
(657, 4),
(657, 10),
(657, 24),
(657, 61),
(657, 99),
(658, 26),
(658, 54),
(658, 62),
(659, 23),
(659, 29),
(659, 38),
(660, 1),
(660, 5),
(660, 11),
(660, 57),
(660, 82),
(661, 45),
(661, 51),
(661, 73),
(661, 100),
(662, 1),
(662, 2),
(662, 17),
(662, 23),
(662, 29),
(662, 59),
(662, 59),
(662, 66),
(662, 75),
(662, 75),
(662, 94),
(662, 99),
(663, 11),
(663, 25),
(663, 39),
(663, 79),
(663, 85),
(663, 87),
(663, 89),
(663, 89),
(664, 2),
(664, 12),
(664, 31),
(664, 49),
(664, 51),
(664, 76),
(664, 78),
(664, 80),
(664, 95),
(665, 16),
(666, 31),
(666, 32),
(666, 34),
(666, 35),
(666, 65),
(666, 83),
(666, 85),
(666, 97),
(667, 11),
(667, 44),
(667, 49),
(667, 62),
(667, 88),
(667, 97),
(667, 98),
(668, 26),
(668, 39),
(668, 56),
(668, 62),
(668, 72),
(668, 78),
(668, 84),
(668, 87),
(669, 7),
(669, 19),
(669, 23),
(669, 37),
(669, 68),
(669, 71),
(669, 79),
(669, 91),
(670, 7),
(670, 29),
(670, 54),
(670, 82),
(670, 82),
(670, 94),
(671, 24),
(671, 27),
(671, 34),
(671, 64),
(671, 83),
(672, 13),
(672, 39),
(672, 61),
(672, 75),
(672, 87),
(672, 89),
(672, 93),
(672, 100),
(673, 49),
(673, 56),
(673, 65),
(673, 79),
(673, 95),
(674, 5),
(674, 20),
(674, 44),
(674, 50),
(674, 50),
(675, 23),
(675, 36),
(675, 48),
(675, 51),
(675, 66),
(675, 85),
(675, 93),
(676, 12),
(676, 47),
(676, 51),
(676, 58),
(676, 59),
(676, 82),
(676, 87),
(676, 95),
(676, 99),
(677, 5),
(677, 7),
(677, 44),
(677, 79),
(678, 28),
(678, 33),
(678, 37),
(678, 46),
(678, 48),
(678, 55),
(678, 77),
(678, 80),
(679, 5),
(679, 22),
(679, 80),
(680, 11),
(680, 28),
(680, 59),
(680, 68),
(680, 76),
(680, 86),
(680, 90),
(680, 91),
(681, 42),
(681, 49),
(682, 13),
(682, 18),
(682, 30),
(682, 59),
(682, 61),
(682, 62),
(682, 68),
(682, 82),
(683, 23),
(683, 37),
(683, 56),
(683, 65),
(683, 68),
(683, 77),
(684, 12),
(684, 24),
(684, 33),
(684, 42),
(684, 48),
(684, 74),
(684, 93),
(685, 18),
(685, 88),
(685, 92),
(685, 96),
(685, 97),
(686, 35),
(686, 37),
(686, 45),
(686, 64),
(686, 64),
(686, 70),
(687, 35),
(687, 45),
(687, 68),
(687, 82),
(687, 100);

-- --------------------------------------------------------

--
-- Estructura de tabla para la tabla `idiomas`
--

CREATE TABLE `idiomas` (
  `Id_idioma` int(4) NOT NULL,
  `Idioma` varchar(50) NOT NULL
) ENGINE=InnoDB DEFAULT CHARSET=utf8mb4;

--
-- Volcado de datos para la tabla `idiomas`
--

INSERT INTO `idiomas` (`Id_idioma`, `Idioma`) VALUES
(1010, 'Acadio'),
(1120, 'Hebreo'),
(1230, 'Árabe'),
(1340, 'Nórdico antiguo'),
(1450, 'Inglés'),
(1560, 'Danés'),
(1670, 'Italiano'),
(1780, 'Francés'),
(1890, 'Francés, Inglés'),
(2000, 'Español'),
(2110, 'Alemán'),
(2220, 'Ruso'),
(2330, 'Griego clásico'),
(2440, 'Portugués'),
(2550, 'Noruego'),
(2660, 'Griego antiguo'),
(2770, 'Sánscrito'),
(2880, 'Japonés'),
(2990, 'Griego moderno'),
(3100, 'Islandés'),
(3210, 'sueco'),
(3320, 'Chino'),
(3430, 'Latín clásico'),
(3540, 'persa');

-- --------------------------------------------------------

--
-- Estructura de tabla para la tabla `libros`
--

CREATE TABLE `libros` (
  `Id_libros` int(4) NOT NULL,
  `Nombre` varchar(50) NOT NULL,
  `Id_autor` int(6) NOT NULL,
  `Año_publicacion` varchar(20) NOT NULL,
  `Id_pais` int(6) NOT NULL,
  `Id_idioma` int(4) NOT NULL
) ENGINE=InnoDB DEFAULT CHARSET=utf8mb4;

--
-- Volcado de datos para la tabla `libros`
--

INSERT INTO `libros` (`Id_libros`, `Nombre`, `Id_autor`, `Año_publicacion`, `Id_pais`, `Id_idioma`) VALUES
(1, 'Poema de Gilgamesh', 201030, 'Siglo XVII a. C.', 112233, 1010),
(2, 'Libro de Job?(de la?Biblia)', 201030, 'Siglo?VI a. C.?-?IV ', 124367, 1120),
(3, 'Las mil y una noches', 201030, '700?1500', 136501, 1230),
(4, 'Saga de Nj?l', 201030, 'Siglo XIII', 148635, 1340),
(5, 'Todo se desmorona', 201136, '1958', 160769, 1450),
(6, 'Cuentos infantiles', 201242, '1835?37', 172903, 1560),
(7, 'Divina comedia', 201348, '1265?1321', 185037, 1670),
(8, 'Orgullo y prejuicio', 201454, '1813', 197171, 1450),
(9, 'Pap? Goriot', 201560, '1835', 209305, 1780),
(10, 'Molloy,?Malone muere,?El Innombrable, una?trilog?a', 201666, '1951?53', 221439, 1890),
(11, 'Decamer?n', 201772, '1349?53', 233573, 1670),
(12, 'Ficciones', 201878, '1944?86', 245707, 2000),
(13, 'Cumbres Borrascosas', 201984, '1847', 197171, 1450),
(14, 'El extranjero', 202090, '1942', 257841, 1780),
(15, 'Poemas', 202196, '1952', 269975, 2110),
(16, 'Viaje al fin de la noche', 202302, '1932', 209305, 1780),
(17, 'Don Quijote de la Mancha', 202408, '1605 (1? parte), 161', 282109, 2000),
(18, 'Los cuentos de Canterbury', 202514, 'siglo XIV', 294243, 1450),
(19, 'Relatos cortos', 202620, '1886', 306377, 2220),
(20, 'Nostromo', 202726, '1904', 197171, 1450),
(21, 'Grandes Esperanzas', 202832, '1861', 197171, 1450),
(22, 'Jacques el fatalista', 202938, '1796', 209305, 1780),
(23, 'Berlin Alexanderplatz', 203044, '1929', 318511, 2110),
(24, 'Crimen y castigo', 203150, '1866', 306377, 2220),
(25, 'El idiota', 203150, '1869', 306377, 2220),
(26, 'Los endemoniados', 203150, '1872', 306377, 2220),
(27, 'Los hermanos Karamazov', 203150, '1880', 306377, 2220),
(28, 'Middlemarch', 203256, '1871', 197171, 1450),
(29, 'El hombre invisible', 203362, '1952', 330645, 1450),
(30, 'Medea', 203468, '431 a. C.', 342779, 2330),
(31, '?Absalom, Absalom!', 203574, '1936', 330645, 1450),
(32, 'El ruido y la furia', 203574, '1929', 330645, 1450),
(33, 'Madame Bovary', 203680, '1857', 209305, 1780),
(34, 'La educaci?n sentimental', 203680, '1869', 209305, 1780),
(35, 'Romancero gitano', 203786, '1928', 282109, 2000),
(36, 'Cien a?os de soledad', 203892, '1967', 354913, 2000),
(37, 'El amor en los tiempos del c?lera', 203892, '1985', 354913, 2000),
(38, 'Fausto', 203998, '1832', 367047, 2110),
(39, 'Almas muertas', 204104, '1842', 379181, 2220),
(40, 'El tambor de hojalata', 204210, '1959', 391315, 2110),
(41, 'Gran Sert?n: Veredas', 204316, '1956', 403449, 2440),
(42, 'Hambre', 204422, '1890', 415583, 2550),
(43, 'El viejo y el mar', 204528, '1952', 330645, 1450),
(44, 'Il?ada', 204634, '850?750 a. C.', 427717, 2660),
(45, 'Odisea', 204634, 'siglo VIII a. C.', 427717, 2660),
(46, 'Casa de mu?ecas', 204740, '1879', 415583, 2550),
(47, 'Ulises', 204846, '1922', 439851, 1450),
(48, 'Relatos cortos', 204952, '1924', 451985, 2110),
(49, 'El proceso', 204952, '1925', 451985, 2110),
(50, 'El castillo', 204952, '1926', 451985, 2110),
(51, 'Shakuntala', 205058, 'siglo I a. C.-IV d. ', 464119, 2770),
(52, 'El sonido de la monta?a', 205164, '1954', 476253, 2880),
(53, 'Zorba, el griego', 205270, '1946', 488387, 2990),
(54, 'Hijos y amantes', 205376, '1913', 197171, 1450),
(55, 'Gente independiente', 205482, '1934?35', 148635, 3100),
(56, 'Poemas', 205588, '1818', 185037, 1670),
(57, 'El cuaderno dorado', 205694, '1962', 197171, 1450),
(58, 'Pippi Calzaslargas', 205800, '1945', 500521, 3210),
(59, 'Diario de un loco', 205906, '1918', 512655, 3320),
(60, 'Hijos de nuestro barrio', 206012, '1959', 524789, 1230),
(61, 'Los Buddenbrook', 206118, '1901', 318511, 2110),
(62, 'La monta?a m?gica', 206118, '1924', 318511, 2110),
(63, 'Moby-Dick', 206224, '1851', 330645, 1450),
(64, 'Ensayos', 206330, '1595', 209305, 1780),
(65, 'La historia', 206436, '1974', 185037, 1670),
(66, 'Beloved', 206542, '1987', 330645, 1450),
(67, 'Genji Monogatari', 206648, 'siglo XI', 476253, 2880),
(68, 'El hombre sin atributos', 206754, '1930?32', 536923, 2110),
(69, 'Lolita', 206860, '1955', 330645, 1450),
(70, '1984', 206966, '1949', 197171, 1450),
(71, 'Las metamorfosis', 207072, 'siglo I dC', 549057, 3430),
(72, 'Libro del desasosiego', 207178, '1928', 561191, 2440),
(73, 'Cuentos', 207284, 'siglo XIX', 330645, 1450),
(74, 'En busca del tiempo perdido', 207390, '1913?27', 209305, 1780),
(75, 'Gargant?a y Pantagruel', 207496, '1532?34', 209305, 1780),
(76, 'Pedro P?ramo', 207602, '1955', 573325, 2000),
(77, 'Masnavi', 207708, '1258?73', 585459, 3540),
(78, 'Hijos de la medianoche', 207814, '1981', 464119, 1450),
(79, 'Bostan', 207920, '1257', 585459, 3540),
(80, 'Tiempo de migrar al norte', 208026, '1966', 597593, 1230),
(81, 'Ensayo sobre la ceguera', 208132, '1995', 561191, 2440),
(82, 'Hamlet', 208238, '1603', 294243, 1450),
(83, 'El rey Lear', 208238, '1608', 294243, 1450),
(84, 'Otelo', 208238, '1609', 294243, 1450),
(85, 'Edipo rey', 208344, '430 a. C.', 342779, 2330),
(86, 'Rojo y negro', 208450, '1830', 209305, 1780),
(87, 'Vida y opiniones del caballero Tristram Shandy', 208556, '1760', 294243, 1450),
(88, 'La conciencia de Zeno', 208662, '1923', 185037, 1670),
(89, 'Los viajes de Gulliver', 208768, '1726', 221439, 1450),
(90, 'Guerra y paz', 208874, '1865?1869', 306377, 2220),
(91, 'Ana Karenina', 208874, '1877', 306377, 2220),
(92, 'La muerte de Iv?n Ilich', 208874, '1886', 306377, 2220),
(93, 'Las aventuras de Huckleberry Finn', 208980, '1884', 330645, 1450),
(94, 'Ramayana', 209086, 'siglo III a. C.-sigl', 464119, 2770),
(95, 'Eneida', 209192, '29?19 a. C.', 549057, 3430),
(96, 'Mahabh?rata', 209298, 'siglo IV a.C.', 464119, 2770),
(97, 'Hojas de hierba', 209404, '1855', 330645, 1450),
(98, 'La se?ora Dalloway', 209510, '1925', 197171, 1450),
(99, 'Al faro', 209510, '1927', 197171, 1450),
(100, 'Memorias de Adriano', 209616, '1951', 209305, 1780);

-- --------------------------------------------------------

--
-- Estructura de tabla para la tabla `paises`
--

CREATE TABLE `paises` (
  `Id_pais` int(6) NOT NULL,
  `Pais` varchar(50) NOT NULL
) ENGINE=InnoDB DEFAULT CHARSET=utf8mb4;

--
-- Volcado de datos para la tabla `paises`
--

INSERT INTO `paises` (`Id_pais`, `Pais`) VALUES
(112233, 'Sumeria e Imperio acadio'),
(124367, 'Imperio aqueménida'),
(136501, 'India/Irán/Irak/Egipto'),
(148635, 'Islandia'),
(160769, 'Nigeria'),
(172903, 'Dinamarca'),
(185037, 'Italia'),
(197171, 'Reino Unido'),
(209305, 'Francia'),
(221439, 'Irlanda'),
(233573, 'Rávena'),
(245707, 'Argentina'),
(257841, 'Argelia, Imperio francés'),
(269975, 'Rumanía, Francia'),
(282109, 'España'),
(294243, 'Inglaterra'),
(306377, 'Rusia'),
(318511, 'Alemania'),
(330645, 'Estados Unidos'),
(342779, 'Imperio ateniense'),
(354913, 'Colombia'),
(367047, 'Ducado de Sajonia-Weimar, Alemania'),
(379181, 'Ucrania'),
(391315, 'Alemania Occidental'),
(403449, 'Brasil'),
(415583, 'Noruega'),
(427717, 'Probablemente Esmirna'),
(439851, 'Estado Libre Irlandés'),
(451985, 'República de Checoslovaquia'),
(464119, 'India'),
(476253, 'Japón'),
(488387, 'Grecia'),
(500521, 'Suecia'),
(512655, 'China'),
(524789, 'Egipto'),
(536923, 'Austria'),
(549057, 'Imperio romano'),
(561191, 'Portugal'),
(573325, 'México'),
(585459, 'Persia, Imperio mongol'),
(597593, 'Sudán');

-- --------------------------------------------------------

--
-- Estructura de tabla para la tabla `prestamos`
--

CREATE TABLE `prestamos` (
  `Id_prestamo` int(4) NOT NULL,
  `Id_usuario` int(11) NOT NULL,
  `Fecha_prestamo` varchar(11) NOT NULL,
  `Fecha_devolucion` varchar(11) NOT NULL,
  `Estado` int(1) NOT NULL,
  `Multas` int(6) NOT NULL
) ENGINE=InnoDB DEFAULT CHARSET=utf8mb4;

--
-- Volcado de datos para la tabla `prestamos`
--

INSERT INTO `prestamos` (`Id_prestamo`, `Id_usuario`, `Fecha_prestamo`, `Fecha_devolucion`, `Estado`, `Multas`) VALUES
(1, 34550427, '1/1/2015', '15/01/2015', 1, 0),
(2, 10524113, '1/10/2016', '13/12/2016', 1, 0),
(3, 34552276, '1/10/2018', '31/10/2018', 1, 0),
(4, 14240369, '1/11/2020', '16/12/2020', 1, 0),
(5, 10529567, '1/12/2015', '20/01/2016', 1, 0),
(6, 10519743, '1/12/2016', '21/01/2017', 1, 0),
(7, 16627961, '1/2/2015', '12/04/2015', 1, 0),
(8, 16351950, '1/3/2017', '22/03/2017', 1, 0),
(9, 10542613, '1/3/2020', '26/03/2020', 1, 0),
(10, 10549877, '1/3/2021', '13/03/2021', 1, 0),
(11, 19229758, '1/4/2020', '8/06/2020', 1, 0),
(12, 76313110, '1/5/2015', '24/05/2015', 1, 0),
(13, 34532899, '1/5/2019', '7/07/2019', 1, 0),
(14, 48627755, '1/8/2015', '', 0, 19000),
(15, 34525989, '1/8/2016', '24/10/2016', 1, 0),
(16, 34528877, '10/1/2016', '14/02/2016', 1, 0),
(17, 10527282, '10/1/2019', '9/02/2019', 1, 0),
(18, 13718987, '10/11/2015', '14/11/2015', 1, 0),
(19, 1120568969, '10/11/2019', '', 0, 29000),
(20, 19205663, '10/12/2015', '22/01/2016', 1, 0),
(21, 10295665, '10/12/2017', '26/12/2017', 1, 0),
(22, 34545170, '10/2/2020', '24/04/2020', 1, 0),
(23, 76313505, '10/3/2018', '6/05/2018', 1, 0),
(24, 70113138, '10/3/2019', '', 0, 29000),
(25, 16599316, '10/3/2019', '25/04/2019', 1, 0),
(26, 76318697, '10/4/2018', '25/05/2018', 1, 0),
(27, 12980545, '10/4/2021', '9/06/2021', 1, 0),
(28, 76303571, '10/6/2015', '28/08/2015', 1, 0),
(29, 25270859, '10/6/2018', '9/07/2018', 1, 0),
(30, 76328586, '10/6/2021', '6/09/2021', 1, 0),
(31, 4826261, '10/8/2016', '', 0, 48000),
(32, 25277918, '10/8/2016', '', 0, 33000),
(33, 25274094, '10/9/2018', '8/12/2018', 1, 0),
(34, 10535159, '10/9/2019', '', 0, 22000),
(35, 40922381, '11/2/2021', '', 0, 10000),
(36, 34562778, '11/2/2021', '', 0, 3000),
(37, 34320823, '11/3/2015', '', 0, 46000),
(38, 34541493, '11/3/2020', '16/05/2020', 1, 0),
(39, 34544663, '11/4/2020', '19/04/2020', 1, 0),
(40, 34560826, '11/6/2017', '12/08/2017', 1, 0),
(41, 10524683, '11/6/2017', '3/08/2017', 1, 0),
(42, 11789690, '11/6/2020', '', 0, 27000),
(43, 10541561, '11/6/2020', '28/07/2020', 1, 0),
(44, 34532270, '11/6/2021', '', 0, 34000),
(45, 4778102, '11/7/2015', '3/09/2015', 1, 0),
(46, 25611423, '11/7/2021', '', 0, 18000),
(47, 76310264, '11/8/2018', '26/09/2018', 1, 0),
(48, 34554676, '11/8/2018', '12/09/2018', 1, 0),
(49, 10518941, '11/8/2019', '', 0, 7000),
(50, 34548200, '11/8/2020', '9/11/2020', 1, 0),
(51, 10521362, '11/9/2015', '15/10/2015', 1, 0),
(52, 71674315, '12/1/2015', '', 0, 33000),
(53, 29993756, '12/1/2019', '12/01/2019', 1, 0),
(54, 34525834, '12/1/2020', '21/02/2020', 1, 0),
(55, 16858001, '12/10/2015', '14/11/2015', 1, 0),
(56, 11787383, '12/10/2017', '', 0, 40000),
(57, 34529491, '12/10/2020', '12/12/2020', 1, 0),
(58, 34556804, '12/10/2021', '28/10/2021', 1, 0),
(59, 34554680, '12/11/2017', '12/11/2017', 1, 0),
(60, 76322366, '12/11/2019', '2/02/2020', 1, 0),
(61, 3014070, '12/12/2017', '', 0, 22000),
(62, 4687205, '12/12/2020', '24/12/2020', 1, 0),
(63, 25274823, '12/2/2015', '21/04/2015', 1, 0),
(64, 10285254, '12/2/2017', '22/04/2017', 1, 0),
(65, 76318112, '12/2/2018', '22/03/2018', 1, 0),
(66, 8273666, '12/3/2020', '4/04/2020', 1, 0),
(67, 91288035, '12/3/2021', '14/05/2021', 1, 0),
(68, 31250072, '12/5/2018', '7/06/2018', 1, 0),
(69, 76316564, '12/5/2018', '13/05/2018', 1, 0),
(70, 10534133, '12/5/2019', '27/06/2019', 1, 0),
(71, 76307516, '12/5/2021', '', 0, 3000),
(72, 18393603, '12/6/2021', '20/07/2021', 1, 0),
(73, 18122651, '12/7/2016', '', 0, 25000),
(74, 19343842, '12/7/2018', '9/10/2018', 1, 0),
(75, 34560357, '12/8/2019', '6/10/2019', 1, 0),
(76, 34547683, '13/1/2015', '7/03/2015', 1, 0),
(77, 25681777, '13/1/2017', '27/02/2017', 1, 0),
(78, 25274265, '13/1/2019', '26/02/2019', 1, 0),
(79, 10256615, '13/1/2020', '', 0, 8000),
(80, 10529900, '13/10/2018', '', 0, 38000),
(81, 42870562, '13/10/2020', '', 0, 20000),
(82, 10532034, '13/10/2021', '4/11/2021', 1, 0),
(83, 13885646, '13/11/2018', '', 0, 19000),
(84, 34549144, '13/11/2019', '15/01/2020', 1, 0),
(85, 34547961, '13/2/2017', '17/02/2017', 1, 0),
(86, 76323900, '13/3/2015', '13/05/2015', 1, 0),
(87, 34475086, '13/3/2016', '13/04/2016', 1, 0),
(88, 34542328, '13/5/2018', '13/06/2018', 1, 0),
(89, 63516527, '13/6/2015', '6/09/2015', 1, 0),
(90, 25309623, '13/6/2020', '', 0, 17000),
(91, 34545299, '13/7/2019', '4/10/2019', 1, 0),
(92, 10585197, '13/7/2020', '5/10/2020', 1, 0),
(93, 34537236, '13/8/2018', '', 0, 35000),
(94, 24484060, '13/9/2015', '', 0, 10000),
(95, 10539083, '13/9/2017', '18/09/2017', 1, 0),
(96, 12955299, '14/1/2015', '', 0, 35000),
(97, 76303530, '14/1/2016', '7/04/2016', 1, 0),
(98, 6315710, '14/1/2021', '', 0, 10000),
(99, 7557418, '14/1/2021', '15/01/2021', 1, 0),
(100, 34555774, '14/10/2016', '1/01/2017', 1, 0),
(101, 34547458, '14/10/2019', '18/10/2019', 1, 0),
(102, 25274109, '14/12/2016', '15/12/2016', 1, 0),
(103, 10522279, '14/12/2016', '17/02/2017', 1, 0),
(104, 10539208, '14/12/2018', '18/12/2018', 1, 0),
(105, 10529068, '14/12/2020', '26/02/2021', 1, 0),
(106, 4826319, '14/2/2020', '', 0, 5000),
(107, 10295213, '14/2/2020', '22/02/2020', 1, 0),
(108, 10525794, '14/3/2015', '7/04/2015', 1, 0),
(109, 34534297, '14/3/2017', '9/04/2017', 1, 0),
(110, 34556513, '14/4/2020', '12/07/2020', 1, 0),
(111, 92228625, '14/5/2015', '', 0, 40000),
(112, 34495259, '14/6/2021', '17/06/2021', 1, 0),
(113, 7218789, '14/7/2018', '5/09/2018', 1, 0),
(114, 10544687, '14/7/2018', '19/08/2018', 1, 0),
(115, 4964115, '14/7/2020', '31/07/2020', 1, 0),
(116, 13821058, '14/7/2021', '5/09/2021', 1, 0),
(117, 10542393, '14/8/2015', '29/08/2015', 1, 0),
(118, 19371844, '14/8/2016', '9/11/2016', 1, 0),
(119, 34537521, '14/8/2016', '2/09/2016', 1, 0),
(120, 12133708, '14/8/2017', '', 0, 9000),
(121, 34546723, '14/8/2018', '20/09/2018', 1, 0),
(122, 10547088, '14/8/2019', '30/09/2019', 1, 0),
(123, 34563309, '14/9/2017', '13/12/2017', 1, 0),
(124, 34538776, '14/9/2018', '', 0, 16000),
(125, 76305748, '15/1/2019', '', 0, 20000),
(126, 76332522, '15/10/2018', '13/01/2019', 1, 0),
(127, 76323271, '15/11/2015', '11/01/2016', 1, 0),
(128, 27519229, '15/11/2017', '', 0, 22000),
(129, 32658870, '15/12/2018', '', 0, 18000),
(130, 76306528, '15/12/2021', '3/02/2022', 1, 0),
(131, 13104340, '15/2/2015', '', 0, 26000),
(132, 34526987, '15/2/2016', '7/04/2016', 1, 0),
(133, 76308616, '15/2/2017', '', 0, 16000),
(134, 76305514, '15/3/2021', '25/03/2021', 1, 0),
(135, 272681, '15/3/2021', '16/03/2021', 1, 0),
(136, 34538605, '15/4/2016', '4/07/2016', 1, 0),
(137, 34528262, '15/5/2018', '', 0, 29000),
(138, 34551642, '15/5/2018', '18/05/2018', 1, 0),
(139, 34558215, '15/5/2020', '', 0, 12000),
(140, 10076954, '15/6/2017', '', 0, 19000),
(141, 10547914, '15/7/2017', '8/10/2017', 1, 0),
(142, 14965889, '15/7/2017', '26/08/2017', 1, 0),
(143, 34542432, '15/7/2021', '4/08/2021', 1, 0),
(144, 16665788, '15/9/2018', '5/11/2018', 1, 0),
(145, 10539942, '16/1/2021', '18/03/2021', 1, 0),
(146, 34529181, '16/10/2016', '', 0, 28000),
(147, 10528015, '16/10/2021', '10/11/2021', 1, 0),
(148, 34542680, '16/11/2015', '24/11/2015', 1, 0),
(149, 25279984, '16/11/2015', '8/12/2015', 1, 0),
(150, 34544841, '16/12/2017', '6/03/2018', 1, 0),
(151, 10295064, '16/2/2016', '', 0, 5000),
(152, 10533770, '16/2/2020', '11/05/2020', 1, 0),
(153, 34545367, '16/3/2018', '30/04/2018', 1, 0),
(154, 10527863, '16/3/2020', '3/06/2020', 1, 0),
(155, 76211401, '16/6/2017', '4/08/2017', 1, 0),
(156, 51783848, '16/6/2019', '17/08/2019', 1, 0),
(157, 76321196, '16/6/2021', '5/08/2021', 1, 0),
(158, 14877481, '16/7/2018', '', 0, 3000),
(159, 76308663, '16/7/2020', '25/09/2020', 1, 0),
(160, 25278450, '16/8/2020', '', 0, 8000),
(161, 41736871, '16/8/2020', '3/09/2020', 1, 0),
(162, 4627913, '17/1/2020', '25/02/2020', 1, 0),
(163, 30735241, '17/1/2021', '3/03/2021', 1, 0),
(164, 16251235, '17/10/2016', '11/12/2016', 1, 0),
(165, 31913268, '17/10/2017', '22/12/2017', 1, 0),
(166, 76324843, '17/10/2020', '', 0, 6000),
(167, 41733718, '17/11/2019', '', 0, 50000),
(168, 76276223, '17/11/2021', '20/01/2022', 1, 0),
(169, 76311322, '17/2/2017', '', 0, 29000),
(170, 75076432, '17/2/2018', '', 0, 4000),
(171, 1064488437, '17/2/2020', '2/04/2020', 1, 0),
(172, 19427110, '17/3/2018', '7/04/2018', 1, 0),
(173, 15505403, '17/4/2015', '', 0, 19000),
(174, 4611335, '17/4/2020', '', 0, 9000),
(175, 76319565, '17/5/2015', '30/05/2015', 1, 0),
(176, 4612551, '17/5/2021', '18/06/2021', 1, 0),
(177, 10546738, '17/6/2015', '', 0, 22000),
(178, 31948475, '17/7/2019', '29/08/2019', 1, 0),
(179, 76312813, '17/8/2015', '', 0, 26000),
(180, 16626410, '17/8/2015', '5/09/2015', 1, 0),
(181, 76321132, '17/8/2015', '22/09/2015', 1, 0),
(182, 5259115, '17/9/2015', '29/10/2015', 1, 0),
(183, 10543386, '18/1/2018', '', 0, 12000),
(184, 51772636, '18/10/2017', '8/12/2017', 1, 0),
(185, 10545286, '18/10/2019', '7/12/2019', 1, 0),
(186, 34538964, '18/11/2017', '14/12/2017', 1, 0),
(187, 10538031, '18/11/2018', '13/01/2019', 1, 0),
(188, 16251338, '18/12/2015', '4/03/2016', 1, 0),
(189, 34557202, '18/12/2017', '21/01/2018', 1, 0),
(190, 76043192, '18/2/2018', '', 0, 6000),
(191, 34531233, '18/2/2019', '', 0, 29000),
(192, 25343639, '18/3/2017', '4/04/2017', 1, 0),
(193, 16274195, '18/4/2017', '24/05/2017', 1, 0),
(194, 10531415, '18/4/2021', '16/06/2021', 1, 0),
(195, 76304162, '18/5/2015', '21/06/2015', 1, 0),
(196, 1089543105, '18/5/2016', '23/07/2016', 1, 0),
(197, 34569042, '18/6/2015', '19/07/2015', 1, 0),
(198, 16366388, '18/6/2015', '28/07/2015', 1, 0),
(199, 4616623, '18/6/2016', '13/09/2016', 1, 0),
(200, 75076432, '18/6/2021', '', 0, 32000),
(201, 34567184, '18/8/2015', '21/09/2015', 1, 0),
(202, 10532900, '18/8/2018', '25/08/2018', 1, 0),
(203, 4616646, '18/8/2020', '26/08/2020', 1, 0),
(204, 10524320, '18/8/2021', '30/10/2021', 1, 0),
(205, 34539124, '18/8/2021', '25/08/2021', 1, 0),
(206, 31948952, '18/9/2015', '13/11/2015', 1, 0),
(207, 10533819, '18/9/2017', '3/12/2017', 1, 0),
(208, 93366281, '18/9/2017', '18/11/2017', 1, 0),
(209, 34531725, '18/9/2019', '', 0, 45000),
(210, 76318982, '19/1/2016', '11/02/2016', 1, 0),
(211, 34549564, '19/1/2019', '4/02/2019', 1, 0),
(212, 34554034, '19/1/2019', '19/01/2019', 1, 0),
(213, 76320040, '19/1/2020', '14/02/2020', 1, 0),
(214, 16267254, '19/10/2019', '', 0, 6000),
(215, 10532577, '19/10/2021', '', 0, 49000),
(216, 34550274, '19/10/2021', '31/10/2021', 1, 0),
(217, 34552278, '19/11/2016', '14/12/2016', 1, 0),
(218, 34528743, '19/11/2017', '28/11/2017', 1, 0),
(219, 10533602, '19/11/2017', '30/12/2017', 1, 0),
(220, 76307176, '19/11/2020', '', 0, 36000),
(221, 19077747, '19/2/2015', '10/05/2015', 1, 0),
(222, 76303646, '19/2/2020', '', 0, 14000),
(223, 34540028, '19/2/2021', '27/02/2021', 1, 0),
(224, 10527752, '19/3/2017', '', 0, 39000),
(225, 45366903, '19/3/2019', '', 0, 23000),
(226, 39610473, '19/3/2019', '21/03/2019', 1, 0),
(227, 34541388, '19/3/2020', '12/06/2020', 1, 0),
(228, 34537406, '19/3/2020', '22/04/2020', 1, 0),
(229, 10531923, '19/4/2019', '22/04/2019', 1, 0),
(230, 10545657, '19/5/2018', '', 0, 36000),
(231, 4612138, '19/7/2016', '', 0, 49000),
(232, 34565722, '19/7/2019', '11/10/2019', 1, 0),
(233, 76312642, '19/8/2016', '4/11/2016', 1, 0),
(234, 10528106, '19/8/2018', '6/09/2018', 1, 0),
(235, 34526970, '19/9/2015', '29/10/2015', 1, 0),
(236, 10541205, '19/9/2017', '1/11/2017', 1, 0),
(237, 76309263, '19/9/2017', '24/11/2017', 1, 0),
(238, 10520075, '19/9/2020', '10/12/2020', 1, 0),
(239, 34556315, '2/1/2021', '13/03/2021', 1, 0),
(240, 34527948, '2/10/2019', '20/10/2019', 1, 0),
(241, 34533437, '2/11/2016', '17/12/2016', 1, 0),
(242, 34544560, '2/12/2019', '', 0, 40000),
(243, 1116789125, '2/12/2020', '', 0, 16000),
(244, 34534976, '2/2/2015', '22/04/2015', 1, 0),
(245, 34533642, '2/2/2018', '26/02/2018', 1, 0),
(246, 34534257, '2/4/2015', '1/05/2015', 1, 0),
(247, 91296197, '2/4/2018', '28/04/2018', 1, 0),
(248, 76320287, '2/5/2018', '5/07/2018', 1, 0),
(249, 16738295, '2/5/2020', '', 0, 29000),
(250, 34537470, '2/5/2020', '2/06/2020', 1, 0),
(251, 45766496, '2/7/2019', '', 0, 3000),
(252, 10543128, '2/8/2015', '', 0, 37000),
(253, 10531342, '2/8/2016', '24/10/2016', 1, 0),
(254, 10528987, '2/8/2018', '8/09/2018', 1, 0),
(255, 10524679, '2/8/2021', '19/10/2021', 1, 0),
(256, 34564288, '2/9/2021', '18/10/2021', 1, 0),
(257, 34542310, '2/9/2021', '21/11/2021', 1, 0),
(258, 4613691, '20/1/2016', '', 0, 34000),
(259, 10528196, '20/1/2016', '23/02/2016', 1, 0),
(260, 34530532, '20/10/2015', '', 0, 42000),
(261, 34535790, '20/10/2018', '22/10/2018', 1, 0),
(262, 27450864, '20/3/2015', '3/04/2015', 1, 0),
(263, 51579468, '20/3/2019', '14/05/2019', 1, 0),
(264, 10538048, '20/4/2021', '5/05/2021', 1, 0),
(265, 14996114, '20/6/2018', '28/08/2018', 1, 0),
(266, 7561635, '20/7/2015', '', 0, 15000),
(267, 10546903, '20/9/2017', '10/10/2017', 1, 0),
(268, 34320529, '21/1/2019', '26/02/2019', 1, 0),
(269, 76316972, '21/10/2019', '15/11/2019', 1, 0),
(270, 10544308, '21/10/2019', '26/11/2019', 1, 0),
(271, 76306105, '21/10/2021', '', 0, 8000),
(272, 10532844, '21/11/2020', '', 0, 10000),
(273, 2899818, '21/12/2017', '', 0, 34000),
(274, 34542390, '21/12/2018', '30/01/2019', 1, 0),
(275, 34595998, '21/12/2020', '20/01/2021', 1, 0),
(276, 76315049, '21/12/2021', '29/12/2021', 1, 0),
(277, 26256872, '21/2/2021', '', 0, 15000),
(278, 31223228, '21/3/2017', '', 0, 22000),
(279, 25422600, '21/3/2018', '18/05/2018', 1, 0),
(280, 10548134, '21/4/2019', '3/07/2019', 1, 0),
(281, 34562037, '21/5/2015', '30/07/2015', 1, 0),
(282, 76308759, '21/6/2018', '17/07/2018', 1, 0),
(283, 34543873, '21/6/2019', '18/08/2019', 1, 0),
(284, 34530125, '21/6/2021', '16/08/2021', 1, 0),
(285, 10528863, '21/7/2015', '7/10/2015', 1, 0),
(286, 10547536, '21/7/2020', '27/08/2020', 1, 0),
(287, 10544794, '21/7/2020', '22/09/2020', 1, 0),
(288, 25270934, '21/9/2017', '29/11/2017', 1, 0),
(289, 25395094, '21/9/2017', '15/12/2017', 1, 0),
(290, 10529708, '22/1/2015', '13/04/2015', 1, 0),
(291, 34545405, '22/1/2016', '21/02/2016', 1, 0),
(292, 34531970, '22/1/2018', '29/01/2018', 1, 0),
(293, 10295252, '22/1/2021', '25/02/2021', 1, 0),
(294, 34527012, '22/10/2020', '18/01/2021', 1, 0),
(295, 10539631, '22/10/2021', '25/11/2021', 1, 0),
(296, 10529443, '22/12/2015', '3/03/2016', 1, 0),
(297, 10529858, '22/12/2015', '9/03/2016', 1, 0),
(298, 10544625, '22/12/2016', '22/01/2017', 1, 0),
(299, 12991300, '22/12/2017', '15/03/2018', 1, 0),
(300, 10540346, '22/12/2018', '5/01/2019', 1, 0),
(301, 10528185, '22/12/2021', '18/03/2022', 1, 0),
(302, 10547293, '22/2/2018', '30/04/2018', 1, 0),
(303, 31304917, '22/3/2018', '23/03/2018', 1, 0),
(304, 11636305, '22/4/2016', '', 0, 30000),
(305, 10532321, '22/5/2016', '13/08/2016', 1, 0),
(306, 25700256, '22/5/2021', '7/06/2021', 1, 0),
(307, 51898307, '22/6/2016', '', 0, 32000),
(308, 76320696, '22/6/2016', '30/07/2016', 1, 0),
(309, 10537188, '22/6/2019', '30/07/2019', 1, 0),
(310, 76321704, '22/6/2020', '30/07/2020', 1, 0),
(311, 10546658, '22/7/2015', '6/10/2015', 1, 0),
(312, 34532362, '22/7/2016', '6/10/2016', 1, 0),
(313, 34570500, '22/7/2020', '', 0, 30000),
(314, 10526952, '22/8/2015', '11/11/2015', 1, 0),
(315, 10529992, '22/8/2021', '28/08/2021', 1, 0),
(316, 34542480, '22/8/2021', '30/08/2021', 1, 0),
(317, 76314294, '22/8/2021', '16/09/2021', 1, 0),
(318, 10528125, '22/9/2018', '12/11/2018', 1, 0),
(319, 34558518, '23/10/2015', '3/12/2015', 1, 0),
(320, 10753746, '23/10/2018', '6/12/2018', 1, 0),
(321, 34537008, '23/10/2019', '16/01/2020', 1, 0),
(322, 10520932, '23/11/2018', '', 0, 45000),
(323, 10539782, '23/11/2021', '27/01/2022', 1, 0),
(324, 3180213, '23/12/2015', '21/01/2016', 1, 0),
(325, 34539368, '23/12/2017', '6/02/2018', 1, 0),
(326, 31946378, '23/12/2019', '', 0, 24000),
(327, 34538613, '23/12/2020', '9/01/2021', 1, 0),
(328, 34562187, '23/12/2020', '20/02/2021', 1, 0),
(329, 10535221, '23/2/2017', '11/03/2017', 1, 0),
(330, 52025116, '23/2/2021', '', 0, 23000),
(331, 4614865, '23/4/2021', '10/06/2021', 1, 0),
(332, 29345220, '23/5/2016', '9/08/2016', 1, 0),
(333, 76310214, '23/6/2019', '22/07/2019', 1, 0),
(334, 10533991, '23/6/2021', '29/06/2021', 1, 0),
(335, 10548030, '23/7/2017', '', 0, 33000),
(336, 34526904, '23/8/2016', '30/08/2016', 1, 0),
(337, 34551126, '23/8/2017', '', 0, 40000),
(338, 34529212, '23/8/2021', '31/08/2021', 1, 0),
(339, 40387947, '23/9/2015', '26/11/2015', 1, 0),
(340, 91154963, '24/1/2015', '28/03/2015', 1, 0),
(341, 11935424, '24/1/2019', '', 0, 30000),
(342, 10531337, '24/10/2015', '19/12/2015', 1, 0),
(343, 10523300, '24/11/2020', '23/12/2020', 1, 0),
(344, 10285360, '24/12/2015', '3/03/2016', 1, 0),
(345, 10544063, '24/2/2015', '15/03/2015', 1, 0),
(346, 34532839, '24/3/2021', '16/04/2021', 1, 0),
(347, 34550851, '24/5/2015', '16/08/2015', 1, 0),
(348, 34529465, '24/5/2017', '17/08/2017', 1, 0),
(349, 34542749, '24/5/2018', '', 0, 4000),
(350, 34568577, '24/5/2018', '3/06/2018', 1, 0),
(351, 31913156, '24/6/2015', '4/09/2015', 1, 0),
(352, 34546936, '24/6/2019', '', 0, 25000),
(353, 34552524, '24/6/2019', '6/07/2019', 1, 0),
(354, 34544605, '24/6/2021', '', 0, 20000),
(355, 10548976, '24/6/2021', '16/09/2021', 1, 0),
(356, 34557964, '24/7/2016', '11/08/2016', 1, 0),
(357, 10522763, '24/8/2015', '20/09/2015', 1, 0),
(358, 13804898, '24/8/2016', '2/11/2016', 1, 0),
(359, 10591388, '24/8/2017', '30/09/2017', 1, 0),
(360, 51599545, '24/8/2018', '8/11/2018', 1, 0),
(361, 10542190, '24/8/2019', '', 0, 4000),
(362, 82361344, '24/9/2018', '', 0, 18000),
(363, 31213007, '24/9/2019', '', 0, 30000),
(364, 34556088, '25/1/2016', '14/02/2016', 1, 0),
(365, 34541655, '25/1/2019', '3/03/2019', 1, 0),
(366, 34564081, '25/1/2021', '', 0, 15000),
(367, 34534001, '25/10/2015', '5/01/2016', 1, 0),
(368, 10295400, '25/10/2019', '23/11/2019', 1, 0),
(369, 75071097, '25/10/2020', '12/12/2020', 1, 0),
(370, 31266482, '25/11/2016', '', 0, 3000),
(371, 34533267, '25/11/2016', '15/01/2017', 1, 0),
(372, 94310837, '25/11/2019', '30/11/2019', 1, 0),
(373, 75067823, '25/12/2017', '10/01/2018', 1, 0),
(374, 76306776, '25/12/2019', '13/03/2020', 1, 0),
(375, 91155450, '25/12/2020', '26/01/2021', 1, 0),
(376, 34531063, '25/2/2015', '23/05/2015', 1, 0),
(377, 34557784, '25/2/2018', '26/04/2018', 1, 0),
(378, 4773058, '25/4/2016', '', 0, 27000),
(379, 87246557, '25/4/2016', '6/07/2016', 1, 0),
(380, 34558810, '25/6/2015', '1/07/2015', 1, 0),
(381, 76318831, '25/6/2020', '', 0, 20000),
(382, 24329626, '25/7/2020', '', 0, 31000),
(383, 34530003, '25/8/2019', '28/10/2019', 1, 0),
(384, 10529631, '25/8/2021', '', 0, 19000),
(385, 12830802, '25/9/2015', '', 0, 47000),
(386, 12918256, '25/9/2018', '19/10/2018', 1, 0),
(387, 34530183, '25/9/2018', '28/09/2018', 1, 0),
(388, 34562227, '26/1/2016', '21/02/2016', 1, 0),
(389, 34535976, '26/1/2019', '28/02/2019', 1, 0),
(390, 34532933, '26/1/2019', '15/03/2019', 1, 0),
(391, 10528527, '26/10/2015', '15/11/2015', 1, 0),
(392, 16711797, '26/10/2016', '22/12/2016', 1, 0),
(393, 19490554, '26/10/2017', '3/01/2018', 1, 0),
(394, 79755939, '26/10/2019', '13/12/2019', 1, 0),
(395, 34551703, '26/10/2020', '', 0, 47000),
(396, 34546429, '26/10/2021', '1/12/2021', 1, 0),
(397, 34528792, '26/11/2015', '3/12/2015', 1, 0),
(398, 4626622, '26/11/2016', '23/02/2017', 1, 0),
(399, 10527388, '26/11/2020', '1/02/2021', 1, 0),
(400, 76288230, '26/12/2016', '', 0, 20000),
(401, 18125465, '26/2/2016', '', 0, 14000),
(402, 19250404, '26/3/2015', '14/04/2015', 1, 0),
(403, 1467487, '26/4/2019', '22/05/2019', 1, 0),
(404, 10541069, '26/4/2020', '21/05/2020', 1, 0),
(405, 12967252, '26/5/2015', '10/06/2015', 1, 0),
(406, 10529422, '26/5/2017', '12/07/2017', 1, 0),
(407, 25278297, '26/6/2015', '24/08/2015', 1, 0),
(408, 10521309, '26/6/2016', '4/07/2016', 1, 0),
(409, 41575274, '26/6/2017', '', 0, 8000),
(410, 34541039, '26/7/2015', '7/10/2015', 1, 0),
(411, 13229039, '26/7/2016', '9/10/2016', 1, 0),
(412, 10545258, '26/8/2016', '9/11/2016', 1, 0),
(413, 34525663, '26/8/2019', '18/10/2019', 1, 0),
(414, 41640024, '26/9/2018', '', 0, 47000),
(415, 10546135, '27/1/2016', '5/02/2016', 1, 0),
(416, 10546378, '27/1/2018', '2/04/2018', 1, 0),
(417, 10295280, '27/1/2020', '', 0, 17000),
(418, 34531966, '27/10/2020', '', 0, 7000),
(419, 10526184, '27/11/2017', '24/12/2017', 1, 0),
(420, 34530973, '27/11/2020', '15/01/2021', 1, 0),
(421, 34558659, '27/12/2016', '', 0, 34000),
(422, 6558397, '27/12/2021', '4/01/2022', 1, 0),
(423, 41936740, '27/2/2021', '4/05/2021', 1, 0),
(424, 10548116, '27/4/2018', '', 0, 12000),
(425, 76317155, '27/6/2016', '', 0, 50000),
(426, 34537877, '27/6/2017', '', 0, 39000),
(427, 76307112, '27/6/2018', '5/08/2018', 1, 0),
(428, 10547808, '27/8/2015', '', 0, 9000),
(429, 16627531, '27/8/2019', '3/10/2019', 1, 0),
(430, 34525623, '27/9/2016', '31/10/2016', 1, 0),
(431, 10531834, '27/9/2017', '29/10/2017', 1, 0),
(432, 34556269, '28/1/2021', '', 0, 45000),
(433, 12108687, '28/10/2016', '20/01/2017', 1, 0),
(434, 27445875, '28/10/2016', '10/01/2017', 1, 0),
(435, 76141974, '28/11/2021', '', 0, 35000),
(436, 263364, '28/12/2015', '', 0, 47000),
(437, 64920983, '28/2/2020', '', 0, 34000),
(438, 94375040, '28/3/2015', '5/06/2015', 1, 0),
(439, 10537216, '28/4/2015', '14/07/2015', 1, 0),
(440, 63516851, '28/4/2017', '', 0, 2000),
(441, 76327624, '28/5/2016', '28/06/2016', 1, 0),
(442, 12191935, '28/5/2017', '30/05/2017', 1, 0),
(443, 6616067, '28/5/2019', '9/07/2019', 1, 0),
(444, 10534853, '28/6/2017', '22/09/2017', 1, 0),
(445, 34528351, '28/6/2018', '22/07/2018', 1, 0),
(446, 76321456, '28/6/2020', '21/08/2020', 1, 0),
(447, 31289152, '28/6/2021', '25/09/2021', 1, 0),
(448, 13643183, '28/9/2015', '25/10/2015', 1, 0),
(449, 34547717, '28/9/2016', '17/10/2016', 1, 0),
(450, 10535036, '28/9/2018', '12/11/2018', 1, 0),
(451, 34545285, '28/9/2020', '26/12/2020', 1, 0),
(452, 34536659, '29/1/2019', '5/03/2019', 1, 0),
(453, 34565754, '29/1/2020', '30/01/2020', 1, 0),
(454, 76310057, '29/1/2021', '14/02/2021', 1, 0),
(455, 16611778, '29/10/2015', '', 0, 46000),
(456, 26566163, '29/10/2016', '21/12/2016', 1, 0),
(457, 34545440, '29/10/2017', '27/11/2017', 1, 0),
(458, 76320042, '29/11/2021', '28/01/2022', 1, 0),
(459, 10537683, '29/12/2015', '', 0, 25000),
(460, 25559177, '29/12/2015', '', 0, 20000),
(461, 34529864, '29/3/2016', '16/05/2016', 1, 0),
(462, 34572174, '29/3/2016', '21/06/2016', 1, 0),
(463, 66923034, '29/3/2018', '', 0, 6000),
(464, 34537751, '29/3/2018', '9/06/2018', 1, 0),
(465, 34540629, '29/4/2015', '26/05/2015', 1, 0),
(466, 76314121, '29/4/2020', '25/07/2020', 1, 0),
(467, 10538947, '29/7/2015', '26/08/2015', 1, 0),
(468, 25276265, '29/7/2021', '1/09/2021', 1, 0),
(469, 10533156, '29/8/2015', '', 0, 17000),
(470, 48600362, '29/8/2020', '18/11/2020', 1, 0),
(471, 76315848, '29/9/2018', '', 0, 18000),
(472, 10533221, '29/9/2018', '6/12/2018', 1, 0),
(473, 34570633, '29/9/2018', '18/11/2018', 1, 0),
(474, 79390100, '29/9/2019', '', 0, 20000),
(475, 51628500, '3/1/2018', '12/02/2018', 1, 0),
(476, 19199600, '3/10/2015', '16/12/2015', 1, 0),
(477, 6403080, '3/10/2017', '8/12/2017', 1, 0),
(478, 34535472, '3/10/2021', '', 0, 5000),
(479, 12988795, '3/11/2017', '19/01/2018', 1, 0),
(480, 34555659, '3/11/2017', '1/01/2018', 1, 0),
(481, 10527966, '3/12/2017', '', 0, 22000),
(482, 92528324, '3/12/2018', '1/03/2019', 1, 0),
(483, 34551101, '3/12/2021', '1/03/2022', 1, 0),
(484, 34570846, '3/2/2015', '9/04/2015', 1, 0),
(485, 31900022, '3/2/2017', '12/02/2017', 1, 0),
(486, 34527449, '3/2/2018', '13/04/2018', 1, 0),
(487, 48661503, '3/2/2018', '5/02/2018', 1, 0),
(488, 76306235, '3/3/2019', '20/04/2019', 1, 0),
(489, 76306460, '3/3/2019', '24/03/2019', 1, 0),
(490, 54258699, '3/3/2021', '', 0, 27000),
(491, 10527068, '3/4/2017', '7/06/2017', 1, 0),
(492, 41687109, '3/4/2018', '', 0, 15000),
(493, 10544999, '3/4/2021', '14/04/2021', 1, 0),
(494, 34568372, '3/5/2017', '10/05/2017', 1, 0),
(495, 34527389, '3/5/2018', '1/08/2018', 1, 0),
(496, 34534295, '3/6/2016', '8/07/2016', 1, 0),
(497, 6760943, '3/6/2017', '', 0, 16000),
(498, 10526236, '3/6/2020', '19/08/2020', 1, 0),
(499, 10546248, '3/6/2020', '28/06/2020', 1, 0),
(500, 25280778, '3/7/2016', '6/07/2016', 1, 0),
(501, 10532750, '3/9/2016', '21/09/2016', 1, 0),
(502, 12959513, '3/9/2019', '', 0, 26000),
(503, 10536392, '30/1/2015', '12/04/2015', 1, 0),
(504, 3176292, '30/10/2016', '19/11/2016', 1, 0),
(505, 87246681, '30/10/2018', '', 0, 49000),
(506, 10525506, '30/11/2018', '', 0, 25000),
(507, 34562400, '30/12/2019', '', 0, 37000),
(508, 10545112, '30/2/2015', '28/06/2017', 1, 0),
(509, 10522670, '30/2/2015', '21/01/2021', 1, 0),
(510, 76305729, '30/3/2019', '', 0, 45000),
(511, 10517940, '30/4/2018', '', 0, 4000),
(512, 10536636, '30/5/2016', '', 0, 4000),
(513, 34547423, '30/5/2017', '27/06/2017', 1, 0),
(514, 10538660, '30/5/2018', '24/06/2018', 1, 0),
(515, 10549494, '30/5/2018', '19/08/2018', 1, 0),
(516, 19184142, '30/5/2019', '20/08/2019', 1, 0),
(517, 10540433, '30/6/2018', '20/08/2018', 1, 0),
(518, 76312338, '30/6/2019', '16/08/2019', 1, 0),
(519, 76314930, '30/7/2015', '20/09/2015', 1, 0),
(520, 52021928, '30/7/2017', '', 0, 25000),
(521, 34528225, '30/7/2019', '22/08/2019', 1, 0),
(522, 34543027, '30/7/2021', '29/09/2021', 1, 0),
(523, 34534313, '30/8/2017', '17/05/2018', 1, 0),
(524, 73144493, '30/8/2020', '', 0, 4000),
(525, 34544390, '30/9/2016', '10/11/2016', 1, 0),
(526, 80411409, '31/1/2015', '', 0, 26000),
(527, 76315243, '31/10/2017', '6/11/2017', 1, 0),
(528, 17633388, '31/10/2018', '6/01/2019', 1, 0),
(529, 19193157, '31/10/2020', '8/12/2020', 1, 0),
(530, 34546261, '31/10/2020', '28/11/2020', 1, 0),
(531, 48600072, '31/11/2015', '', 0, 32000),
(532, 16347249, '31/11/2021', '16/05/2018', 1, 0),
(533, 34540977, '31/2/2015', '', 0, 21000),
(534, 76323459, '31/2/2017', '', 0, 42000),
(535, 38941250, '31/2/2018', '27/08/2015', 1, 0),
(536, 34560136, '31/2/2020', '5/07/2018', 1, 0),
(537, 10548665, '31/2/2020', '21/05/2018', 1, 0),
(538, 34533114, '31/2/2021', '23/01/2013', 1, 0),
(539, 10533202, '31/3/2015', '4/06/2015', 1, 0),
(540, 34538117, '31/3/2020', '10/04/2020', 1, 0),
(541, 4616958, '31/3/2020', '23/06/2020', 1, 0),
(542, 10530115, '31/3/2021', '6/04/2021', 1, 0),
(543, 10529787, '31/4/2015', '13/11/2018', 1, 0),
(544, 10548117, '31/4/2016', '28/01/2022', 1, 0),
(545, 10524963, '31/4/2018', '22/06/2015', 1, 0),
(546, 10546333, '31/6/2017', '4/07/2016', 1, 0),
(547, 34532750, '31/6/2021', '16/01/2021', 1, 0),
(548, 4615072, '31/8/2018', '', 0, 41000),
(549, 10528372, '31/9/2016', '11/10/2019', 1, 0),
(550, 34529748, '31/9/2020', '6/07/2008', 1, 0),
(551, 34530104, '4/1/2017', '14/03/2017', 1, 0),
(552, 29881316, '4/1/2017', '3/04/2017', 1, 0),
(553, 76322101, '4/10/2016', '11/12/2016', 1, 0),
(554, 43040911, '4/10/2017', '', 0, 47000),
(555, 76316552, '4/10/2018', '', 0, 28000),
(556, 10530249, '4/10/2018', '30/12/2018', 1, 0),
(557, 10535778, '4/10/2019', '11/11/2019', 1, 0),
(558, 10535084, '4/11/2017', '', 0, 6000),
(559, 25637641, '4/11/2018', '13/11/2018', 1, 0),
(560, 14879204, '4/11/2018', '29/11/2018', 1, 0),
(561, 87432212, '4/11/2019', '', 0, 16000),
(562, 17159017, '4/11/2020', '26/01/2021', 1, 0),
(563, 41573309, '4/2/2020', '', 0, 17000),
(564, 34529138, '4/3/2015', '20/05/2015', 1, 0),
(565, 10544098, '4/3/2015', '25/05/2015', 1, 0),
(566, 59824341, '4/3/2017', '31/05/2017', 1, 0),
(567, 34546446, '4/4/2017', '', 0, 6000),
(568, 10528498, '4/5/2017', '30/06/2017', 1, 0),
(569, 79459964, '4/5/2018', '', 0, 38000),
(570, 16260836, '4/5/2021', '27/05/2021', 1, 0),
(571, 25270727, '4/6/2017', '30/07/2017', 1, 0),
(572, 25271533, '4/7/2018', '23/07/2018', 1, 0),
(573, 34549510, '4/8/2018', '', 0, 48000),
(574, 16776407, '4/8/2020', '4/09/2020', 1, 0),
(575, 34554264, '4/9/2017', '1/11/2017', 1, 0),
(576, 10524236, '5/1/2016', '31/01/2016', 1, 0),
(577, 10523223, '5/1/2018', '9/03/2018', 1, 0),
(578, 12976097, '5/10/2018', '', 0, 15000),
(579, 34559928, '5/10/2019', '29/12/2019', 1, 0),
(580, 10536318, '5/10/2020', '3/11/2020', 1, 0),
(581, 10527740, '5/12/2017', '18/01/2018', 1, 0),
(582, 76317172, '5/3/2015', '21/05/2015', 1, 0),
(583, 1513391, '5/3/2017', '', 0, 27000),
(584, 76322524, '5/3/2020', '29/03/2020', 1, 0),
(585, 25274188, '5/4/2019', '15/04/2019', 1, 0),
(586, 26492312, '5/5/2015', '18/06/2015', 1, 0),
(587, 34542710, '5/5/2020', '3/08/2020', 1, 0),
(588, 34540950, '5/7/2016', '17/08/2016', 1, 0),
(589, 34555766, '5/7/2018', '7/07/2018', 1, 0),
(590, 34550789, '5/7/2018', '27/08/2018', 1, 0),
(591, 34527753, '5/7/2019', '14/07/2019', 1, 0),
(592, 3885389, '5/7/2020', '', 0, 48000),
(593, 94432606, '5/8/2018', '20/08/2018', 1, 0),
(594, 27142494, '5/8/2019', '12/08/2019', 1, 0),
(595, 76307943, '6/1/2018', '6/01/2018', 1, 0),
(596, 10533149, '6/11/2015', '', 0, 16000),
(597, 10544662, '6/12/2015', '', 0, 24000),
(598, 76316009, '6/12/2015', '15/02/2016', 1, 0),
(599, 19585955, '6/12/2015', '20/12/2015', 1, 0),
(600, 76331824, '6/12/2017', '16/02/2018', 1, 0),
(601, 76304423, '6/12/2019', '25/02/2020', 1, 0),
(602, 34545475, '6/12/2020', '24/02/2021', 1, 0),
(603, 25280521, '6/2/2015', '23/02/2015', 1, 0),
(604, 76330222, '6/3/2017', '', 0, 14000),
(605, 76313761, '6/3/2018', '20/05/2018', 1, 0),
(606, 34556932, '6/3/2020', '30/04/2020', 1, 0),
(607, 76313275, '6/4/2016', '21/06/2016', 1, 0),
(608, 66767305, '6/4/2016', '2/05/2016', 1, 0),
(609, 10527496, '6/4/2017', '', 0, 7000),
(610, 10525832, '6/5/2016', '', 0, 30000),
(611, 34538323, '6/5/2018', '', 0, 15000),
(612, 34543526, '6/5/2021', '7/06/2021', 1, 0),
(613, 76319847, '6/6/2016', '30/06/2016', 1, 0),
(614, 10529292, '6/6/2018', '1/07/2018', 1, 0),
(615, 34547531, '6/7/2015', '27/09/2015', 1, 0),
(616, 34547349, '6/7/2017', '12/08/2017', 1, 0),
(617, 34532691, '6/7/2019', '13/09/2019', 1, 0),
(618, 40757341, '6/8/2016', '10/08/2016', 1, 0),
(619, 76311533, '6/8/2019', '12/09/2019', 1, 0),
(620, 76310864, '6/8/2020', '19/08/2020', 1, 0),
(621, 76310706, '6/9/2019', '5/12/2019', 1, 0),
(622, 31868353, '6/9/2020', '18/11/2020', 1, 0),
(623, 9991523, '6/9/2020', '17/11/2020', 1, 0),
(624, 76312414, '7/1/2020', '12/01/2020', 1, 0),
(625, 16687546, '7/10/2018', '12/12/2018', 1, 0),
(626, 8670098, '7/11/2019', '', 0, 15000),
(627, 19300241, '7/11/2021', '22/01/2022', 1, 0),
(628, 10541223, '7/12/2016', '7/12/2016', 1, 0),
(629, 76330147, '7/2/2016', '19/04/2016', 1, 0),
(630, 76311865, '7/2/2018', '17/03/2018', 1, 0),
(631, 34571854, '7/4/2015', '22/06/2015', 1, 0),
(632, 34551673, '7/4/2017', '', 0, 23000),
(633, 10539634, '7/4/2021', '', 0, 48000),
(634, 14978724, '7/5/2019', '16/07/2019', 1, 0),
(635, 76323372, '7/5/2020', '21/07/2020', 1, 0),
(636, 26257676, '7/6/2015', '', 0, 30000),
(637, 16699515, '7/7/2016', '15/08/2016', 1, 0),
(638, 76326581, '7/8/2015', '28/08/2015', 1, 0),
(639, 10536947, '7/8/2019', '18/10/2019', 1, 0),
(640, 34547705, '7/9/2015', '6/10/2015', 1, 0),
(641, 10541455, '7/9/2019', '', 0, 31000),
(642, 52007791, '7/9/2021', '12/09/2021', 1, 0),
(643, 63483237, '8/1/2016', '21/01/2016', 1, 0),
(644, 10545987, '8/10/2017', '', 0, 49000),
(645, 10536338, '8/10/2018', '18/12/2018', 1, 0),
(646, 10539878, '8/10/2018', '23/11/2018', 1, 0),
(647, 76307332, '8/11/2019', '', 0, 5000),
(648, 16342484, '8/12/2016', '12/12/2016', 1, 0),
(649, 79343856, '8/12/2017', '12/01/2018', 1, 0),
(650, 76311773, '8/12/2019', '', 0, 2000),
(651, 34529403, '8/12/2019', '12/12/2019', 1, 0),
(652, 13814006, '8/2/2019', '', 0, 4000),
(653, 76326458, '8/3/2015', '26/03/2015', 1, 0),
(654, 76337508, '8/5/2019', '', 0, 16000),
(655, 34542339, '8/6/2016', '20/06/2016', 1, 0),
(656, 10523416, '8/6/2021', '20/06/2021', 1, 0),
(657, 76318256, '8/6/2021', '29/08/2021', 1, 0),
(658, 76311937, '8/7/2015', '16/08/2015', 1, 0),
(659, 76320754, '8/7/2016', '23/09/2016', 1, 0),
(660, 10522441, '8/8/2016', '24/08/2016', 1, 0),
(661, 91480592, '8/8/2017', '23/08/2017', 1, 0),
(662, 34571582, '8/8/2018', '26/08/2018', 1, 0),
(663, 10547255, '8/8/2021', '15/10/2021', 1, 0),
(664, 10544499, '8/9/2016', '8/10/2016', 1, 0),
(665, 34536646, '9/1/2021', '7/02/2021', 1, 0),
(666, 17633683, '9/10/2018', '16/10/2018', 1, 0),
(667, 34539672, '9/10/2018', '25/10/2018', 1, 0),
(668, 76332255, '9/10/2019', '', 0, 28000),
(669, 25681811, '9/10/2019', '2/11/2019', 1, 0),
(670, 34557739, '9/11/2017', '2/12/2017', 1, 0),
(671, 10526837, '9/11/2019', '6/12/2019', 1, 0),
(672, 92532699, '9/12/2017', '22/12/2017', 1, 0),
(673, 34556577, '9/12/2021', '31/12/2021', 1, 0),
(674, 7516892, '9/2/2020', '12/03/2020', 1, 0),
(675, 34539966, '9/3/2021', '20/05/2021', 1, 0),
(676, 34542984, '9/3/2021', '5/06/2021', 1, 0),
(677, 25276005, '9/4/2016', '24/06/2016', 1, 0),
(678, 5350220, '9/4/2017', '8/06/2017', 1, 0),
(679, 91497137, '9/4/2018', '26/05/2018', 1, 0),
(680, 25280532, '9/5/2016', '30/07/2016', 1, 0),
(681, 10536397, '9/6/2018', '16/08/2018', 1, 0),
(682, 76238105, '9/7/2015', '27/09/2015', 1, 0),
(683, 16611388, '9/7/2018', '16/07/2018', 1, 0),
(684, 10538987, '9/9/2016', '15/10/2016', 1, 0),
(685, 4616617, '9/9/2016', '21/09/2016', 1, 0),
(686, 34550236, '9/9/2017', '14/09/2017', 1, 0),
(687, 10295281, '9/9/2018', '8/12/2018', 1, 0);

-- --------------------------------------------------------

--
-- Estructura de tabla para la tabla `usuarios`
--

CREATE TABLE `usuarios` (
  `Nombre` varchar(50) NOT NULL,
  `Apellido` varchar(50) NOT NULL,
  `Cedula` int(11) NOT NULL,
  `Celular` varchar(30) NOT NULL,
  `Fecha_naciomiento` varchar(11) NOT NULL
) ENGINE=InnoDB DEFAULT CHARSET=utf8mb4;

--
-- Volcado de datos para la tabla `usuarios`
--

INSERT INTO `usuarios` (`Nombre`, `Apellido`, `Cedula`, `Celular`, `Fecha_naciomiento`) VALUES
('Luis ', 'Barreto Suarez', 263364, '3498438705', '21/01/1981'),
('Elisa Barbara', 'Pedroso Alfonso', 272681, '3370532816', '08/09/1996'),
('Carlos ', 'Pantoja Juan', 1467487, '3313937393', '2/6/1993'),
('Elvio Emilio', 'Caicedo Samboni', 1513391, '3488604450', '6/6/1995'),
('Gerardo Mesias', 'Andrade G', 2899818, '3049314398', '18/9/1983'),
('Silvio ', 'Avendano Cuervo', 3014070, '3297238623', '3/12/1990'),
('Carlos Augusto', 'Sicard M', 3176292, '3244728345', '24/11/1983'),
('Jorge Enrique', 'Rodriguez Paez', 3180213, '3014792336', '8/1/1978'),
('Carlos Arturo', 'Cassiani Cásseres', 3885389, '3205697711', '12/08/2003'),
('Jose Fernando', 'Bravo Elvira', 4611335, '3220437579', '17/6/2003'),
('Jose David', 'Campo Lugo', 4612138, '3462262557', '22/12/1970'),
('Jose Maria', 'Ramirez Restrepo', 4612551, '3479546721', '27/2/1980'),
('Luis Gerardo', 'Alvear Ortega', 4613691, '3001770102', '11/7/2001'),
('Wilson Arley', 'Martinez Flor', 4614865, '3519441449', '6/2/1976'),
('Alirio ', 'Camacho Velasco', 4615072, '3279281452', '22/3/1970'),
('Miguel Angel', 'Piedrahita Gutierrez', 4616617, '3557208903', '3/9/2005'),
('Pedro ', 'Narvaez Pizo', 4616623, '3291895227', '13/3/1996'),
('Diego ', 'Piedrahita Gutierrez', 4616646, '3243013552', '20/7/2000'),
('Ramses ', 'Lopez Santamaria', 4616958, '3011072263', '24/12/1993'),
('Ariel Antonio', 'Quinonez Semanate', 4626622, '3319298864', '9/9/1976'),
('Jesus Alirio', 'Perez Daza', 4627913, '3558873094', '31/6/1984'),
('Juan Jose', 'Volveras Pencue', 4687205, '3245475704', '4/2/1993'),
('Victor Andres', 'Arcos Arcos', 4773058, '3196767748', '16/10/1988'),
('Jeronimo ', 'Guerrero Munoz', 4778102, '3350497625', '3/9/1978'),
('Edson Emérito', 'Sánchez Moreno', 4826261, '3126242446', '31/12/2006'),
('Maximo Ilin', 'Copete', 4826319, '3146034723', '5/10/1988'),
('Luis Carlos', 'Usuga Martinez', 4964115, '3394409981', '28/3/1984'),
('Julio Cesar', 'Usuma Guaspa', 5259115, '3023556619', '24/5/1998'),
('Francisco Javier', 'Teran Cuaran', 5350220, '3241309366', '1/2/1980'),
('Jose Heimer', 'Calero Cobo', 6315710, '3511626501', '31/2/2005'),
('Giezzi ', 'Lasso Agredo', 6403080, '3052853873', '1/11/1994'),
('Oscar Humberto', 'Rios R', 6558397, '3031131213', '30/12/1977'),
('Carlos Enrique', 'Salgado A', 6616067, '3431545301', '12/1/1996'),
('Oscar ', 'Bermudez Castillo', 6760943, '3445805097', '29/3/1989'),
('Jose Antonio', 'Gallo Corredor', 7218789, '3513826461', '23/1/1975'),
('Jose Esteban', 'Erazo Rivera', 7516892, '3290234565', '23/7/1993'),
('Carlos ', 'Quintin Londono', 7557418, '3140183950', '1/1/2003'),
(' ', 'Burbano Nelson', 7561635, '3221969251', '26/8/1998'),
('Enrique ', 'Garces Zamudio', 8273666, '3225808336', '29/10/1987'),
('Zaldúa Cerbio', 'Dawkins Robinson', 8670098, '3214838953', '6/12/1989'),
('Serafin ', 'Munoz Campo', 9991523, '3323701377', '20/8/2005'),
('Aristides', 'Pino Mosquera', 10076954, '3164816450', '9/01/1986'),
('Carlos Alberto', 'Arboleda V', 10256615, '3132951105', '28/12/2000'),
('Mario Armando', 'Valencia Cardona', 10285254, '3442089518', '20/12/1986'),
('Paulo Mauricio', 'Espinosa Echeverry', 10285360, '3520529753', '16/2/1975'),
(' ', 'Celis Alfonso', 10295064, '3336251294', '3/10/1992'),
('Eduardo ', 'Martinez Luis', 10295213, '3026691541', '12/8/1984'),
('Juan Pablo', 'Ruiz Guevara', 10295252, '3322382317', '26/5/2001'),
('Jesus Antonio', 'Bravo Teran', 10295280, '3176444164', '1/11/2004'),
('Gabriel Alberto', 'Lasso Lopez', 10295281, '3533942325', '2/7/2002'),
('Gustavo ', 'Ceron Celis', 10295400, '3554694412', '14/6/1974'),
('Cesar Hernando', 'Leon Ceron', 10295665, '3522087036', '8/5/1993'),
(' ', 'Astudillo Horacio', 10517940, '3307256161', '4/6/1976'),
('Ary Fernando', 'Bustamante Munoz', 10518941, '3010131081', '2/7/1978'),
('Rodrigo Antonio', 'Lemos Ruiz', 10519743, '3203991542', '23/3/1997'),
('Fernando Albert', 'Galvis Jimenez', 10520075, '3220220020', '5/3/1992'),
('Lucio Freddy', 'Catamuscay Sanchez', 10520932, '3042938785', '26/10/1995'),
('Mauricio ', 'Mellizo Ramirez', 10521309, '3345317016', '8/7/1993'),
('Antonio Jose', 'Astaiza Salazar', 10521362, '3034437275', '23/6/1974'),
('Oscar Jaime', 'Orozco Ortiz', 10522279, '3307973551', '1/6/1990'),
('Gilberto ', 'Fernández Lopez', 10522441, '3265588838', '9/1/1982'),
('Dario ', 'Perafan Agredo', 10522670, '3451418585', '7/5/1980'),
('David ', 'Hurtado Julio', 10522763, '3472248197', '17/6/1979'),
('Galo Alberto', 'Cosme Vargas', 10523223, '3103533821', '2/12/1973'),
('Humberto ', 'Palechor Narvaez', 10523300, '3035101558', '18/6/1976'),
('Nicolas ', 'Fernández Sandoval', 10523416, '3537554731', '17/10/1986'),
('Harvey ', 'Montoya Pelaez', 10524113, '3190633058', '14/4/1996'),
('Freddy H', 'Pisso R', 10524236, '3360474185', '12/2/2004'),
('Hugo Aldemar', 'Cosme Vargas', 10524320, '3302205693', '26/11/1982'),
('Angel Hernan', 'Zuniga Solarte', 10524679, '3143924947', '18/3/1971'),
('Luis Antonio', 'Pena Mera', 10524683, '3129445226', '24/11/1970'),
('Fernando ', 'Delgado Velasco', 10524963, '3118012990', '20/7/2004'),
('Jose Arnulfo', 'Camacho Yacumal', 10525506, '3015295571', '7/2/1973'),
('Carlos Ignacio', 'Paz A', 10525794, '3241586076', '29/4/1990'),
('Gerardo ', 'Bravo Ceron', 10525832, '3589629257', '22/6/1998'),
('Victor Hugo', 'Vivas Ramos', 10526184, '3453834567', '20/7/1973'),
('Hector Gil', 'Ortega Burbano', 10526236, '3266709198', '30/7/1973'),
('Cesar ', 'Cifuentes Casas', 10526837, '3531861774', '29/9/1990'),
('Jaime ', 'Tobar Munoz', 10526952, '3250349606', '12/10/1996'),
('Enrique ', 'Gomez Saul', 10527068, '3534134259', '24/2/1992'),
('Luis Fernando', 'Polanco Florez', 10527282, '3285868716', '12/9/1998'),
('Manuel ', 'Mosquera Juan', 10527388, '3244926498', '5/4/1970'),
('Harold Horacio', 'Campo Sanchez', 10527496, '3209704247', '9/2/1972'),
('Hugo Alberto', 'Vasquez Sandoval', 10527740, '3233751069', '26/6/1993'),
('Homero ', 'Ceron Castro', 10527752, '3192550218', '25/11/1989'),
('Jairo ', 'Mosquera Lopez', 10527863, '3307567783', '8/8/1998'),
('Jesus Alberto', 'Barragan Ramirez', 10527966, '3332161319', '8/4/1977'),
('Antonio ', 'Fernández Jesus', 10528015, '3323866371', '15/3/1982'),
('Heber Orlando', 'Vergara Vergara', 10528106, '3287629975', '8/4/1978'),
('Gonzalo ', 'Moreno Rengifo', 10528125, '3257753763', '31/12/1980'),
('Ricardo ', 'Munoz Chavez', 10528185, '3534156260', '5/2/1990'),
('Orlando ', 'Rodriguez Buitrago', 10528196, '3151978499', '1/10/1997'),
('Jose Tomas', 'Jaramillo Salazar', 10528372, '3011498575', '19/11/1994'),
('Jaime ', 'Escobar Luis', 10528498, '3025203938', '24/3/1995'),
('Mario Jose', 'Lopez Puerto', 10528527, '3036723512', '25/11/2003'),
('Gerardo Antonio', 'Rivera Lopez', 10528863, '3485759291', '17/8/1971'),
('Mario Alfredo', 'Lasso Ordonez', 10528987, '3212965430', '27/12/2001'),
('Gerardo Ignacio', 'Naundorf Sanz', 10529068, '3019577120', '22/4/2004'),
('Guillermo Wilson', 'Munoz Ordonez', 10529292, '3524136863', '21/9/1972'),
(' ', 'Gutierrez Oscar', 10529422, '3260847857', '4/5/1996'),
('Luis Jaime', 'Constain Salazar', 10529443, '3310802615', '15/11/1979'),
('Diego Alfonso', 'Velasco Cardenas', 10529567, '3376382502', '24/10/1991'),
('Hugo ', 'Ayala Carlos', 10529631, '3362439116', '23/1/2001'),
('Jose Ricardo', 'Paz Munoz', 10529708, '3251046735', '10/8/1997'),
('Luis Indolfo', 'Moriones Sanchez', 10529787, '3036709616', '29/11/1985'),
('Eduardo ', 'Munoz Pajajoy', 10529858, '3066697304', '9/4/1994'),
('Jorge Enrique', 'Ayala Caldas', 10529900, '3398852056', '29/9/1985'),
('Julio Cesar', 'Diago Franco', 10529992, '3000231368', '8/9/1972'),
('Rafael Alberto', 'Mendez Sanchez', 10530115, '3386486266', '10/3/1970'),
('Augusto ', 'Escobar Solis', 10530249, '3507227749', '14/5/1980'),
('Ricardo Antonio', 'Viveros Benavides', 10531337, '3426392974', '20/5/1973'),
(' ', 'Velasco Julian', 10531342, '3423925134', '11/1/1983'),
('Carlos A', 'Rebolledo Rodriguez', 10531415, '3392048482', '27/12/2003'),
('Gerson Dario', 'Paz Gomez', 10531834, '3391038942', '20/1/1993'),
('Lizardo ', 'Fernández Gomez', 10531923, '3123650896', '2/4/1980'),
('Fabio Arturo', 'Ruiz Betancourth', 10532034, '3390976882', '4/1/1981'),
('Pedro Felipe', 'Grijalba Gomez', 10532321, '3261601847', '27/11/1981'),
('Gerardo Enrique', 'Camayo Ordonez', 10532577, '3498188319', '31/5/2005'),
('Javier Antonio', 'Lugo Semanate', 10532750, '3093645935', '19/11/1979'),
('Leonel ', 'Capote Campo', 10532844, '3046429560', '31/4/1971'),
('Rigoberto ', 'Martinez Pino', 10532900, '3586482462', '11/12/1979'),
('Jose Toribio', 'Beltran Vidal', 10533149, '3353735331', '21/8/1999'),
('Luis Ildem', 'Bolanos Andrade', 10533156, '3340934258', '2/3/1986'),
('Tirso Adelmo', 'Mazabuel Certuche', 10533202, '3589905855', '3/6/2000'),
('Aldemar ', 'Maca Astudillo', 10533221, '3215880430', '16/7/1971'),
('Uriel Jose', 'Manquillo Quilindo', 10533602, '3485465290', '12/6/1982'),
('Reinaldo ', 'Erazo Rodriguez', 10533770, '3142451279', '25/7/1985'),
('Nelson Eduardo', 'Gomez Hernandez', 10533819, '3116905690', '11/4/2001'),
('Julio Cesar', 'Ortiz Velasco', 10533991, '3575867164', '29/10/1974'),
('Jesus Absalon', 'Munoz Nanez', 10534133, '3214998092', '13/9/1985'),
('Jeremias ', 'Imbachi Tulio', 10534853, '3401079307', '4/2/1976'),
('Jesus Reinel', 'Velasco Zambrano', 10535036, '3344643023', '26/1/1989'),
('Fernando Enrique', 'Astudillo Salazar', 10535084, '3323780865', '21/1/1994'),
('Andres Jose', 'Castrillon Munoz', 10535159, '3573370717', '30/3/1975'),
('Freddy ', 'Mendez Alvarado', 10535221, '3401667669', '27/8/1996'),
('David ', 'Mopan Juspian', 10535778, '3198815922', '7/11/1989'),
('Ricardo Leon', 'Ochoa Martinez', 10536318, '3528155901', '13/12/1970'),
('Jesus Efren', 'Palechor Palechor', 10536338, '3304103285', '23/9/1985'),
(' ', 'Melenje Filimon', 10536392, '3264525055', '3/11/1991'),
('Jaime Dario', 'Lopez Cortez', 10536397, '3421281275', '3/3/1984'),
('Luis Evelio', 'Alvarez Jaramillo', 10536636, '3056236699', '27/8/1973'),
('Fausto ', 'Ymbachi Lopez', 10536947, '3299289946', '2/7/1974'),
('Nelson ', 'Rivas M', 10537188, '3574676816', '30/9/2003'),
('Ricardo Alberto', 'Cifuentes Rosero', 10537216, '3364493172', '8/4/2003'),
('Noe ', 'Alban Lopez', 10537683, '3193104268', '13/5/1997'),
('Oscar Reinaldo', 'Munoz Aguilar', 10538031, '3550950906', '18/12/2001'),
('Carlos Arturo', 'Mora Obando', 10538048, '3345890982', '9/2/1986'),
('Miller Antonio', 'Garcia Zuniga', 10538660, '3203198433', '4/2/2002'),
('Luis Alfredo', 'Munoz Moran', 10538947, '3592751497', '9/2/1990'),
('Helder Mauricio', 'Chacon Villota', 10538987, '3161384368', '30/6/2003'),
('Gerardo Andres', 'Torres Rodriguez', 10539083, '3192215074', '6/5/1989'),
('Orlando ', 'Gutierrez James', 10539208, '3291592981', '1/8/1973'),
('Jose Fernando', 'Sanchez Ordonez', 10539631, '3504750017', '23/12/1986'),
('Carlos Alberto', 'Anaya Hidalgo', 10539634, '3455456251', '11/11/1989'),
('Carlos Alberto', 'Munoz Ardila', 10539782, '3514873350', '24/1/2005'),
('Jose Adolfo', 'Valllejo Vargas', 10539878, '3160561935', '25/12/1994'),
('Henry Jose', 'Vallejo Vargas', 10539942, '3448995307', '21/4/1973'),
('Moises Abel', 'Hernandez Agredo', 10540346, '3098173969', '27/6/1975'),
('Gerardo ', 'Martinez Martinez', 10540433, '3352350247', '7/4/1973'),
('Javier ', 'Fernández Mera', 10541069, '3426736408', '24/5/2000'),
('Alvaro Irne', 'Certuche Trujillo', 10541205, '3425857576', '17/7/1971'),
('Adolfo Anibal', 'Guauna Burbano', 10541223, '3065142924', '26/10/1985'),
('Hugo Orlando', 'Benavides Velasco', 10541455, '3040512821', '19/5/1988'),
('Guiovanni ', 'Vivas Paz', 10541561, '3118856065', '3/4/1995'),
('Fabio Aldemar', 'Astudillo Munoz', 10542190, '3441680211', '26/5/1984'),
('Jorge Aldemar', 'Miranda Mejia', 10542393, '3301970031', '17/9/1987'),
('Jose Reymir', 'Ojeda Ojeda', 10542613, '3289309193', '26/6/1999'),
('Diego Andres', 'Castro G', 10543128, '3033511801', '16/5/1973'),
('Guillermo ', 'Castro Lopez', 10543386, '3204808442', '6/12/1997'),
('Nestor ', 'Velasco Velasco', 10544063, '3422291838', '26/10/1985'),
('Hugo ', 'Rendon Victor', 10544098, '3445209422', '24/9/1999'),
('Ruben Dario', 'Sanchez Vasquez', 10544308, '3463267766', '26/4/1998'),
('Hugo Hernan', 'Erazo Gomez', 10544499, '3405798971', '4/2/2003'),
('Aparicio ', 'Papamija Solis', 10544625, '3156063948', '2/4/1988'),
('Jose Orlando', 'Arteaga Florez', 10544662, '3311193648', '5/1/1988'),
('Alvaro ', 'Mu?Oz Prado', 10544687, '3243863069', '10/9/1982'),
('Eduardo Jose', 'Perez Munoz', 10544794, '3537351179', '10/7/1978'),
('Atanasio ', 'Hernandez Agredo', 10544999, '3234161324', '30/9/1988'),
('Jaime Alberto', 'Moncayo Yepes', 10545112, '3258093657', '24/7/1999'),
('Carlos Huriel', 'Hurtado A', 10545258, '3358849307', '13/2/1974'),
('Evardo ', 'Hoyos Luis', 10545286, '3393011203', '6/1/1980'),
('Luis Alfonso', 'Anaya Cabrera', 10545657, '3045041297', '31/8/2001'),
('Silvio Hernan', 'Bonilla Gomez', 10545987, '3566146585', '28/8/1977'),
('Rodrigo Alberto', 'Ceron Martinez', 10546135, '3520826333', '5/9/1970'),
('Jesus Eduardo', 'Rivera Mauna', 10546248, '3441055179', '5/12/1991'),
('Edier Mario', 'Mendez Alvarado', 10546333, '3169719302', '30/7/2005'),
('Jaime Jose', 'Solarte Guzman', 10546378, '3366213327', '15/5/2004'),
('Javier Hernando', 'Chamorro Zuniga', 10546658, '3321081698', '29/2/1978'),
('Helder Armando', 'Calvache Hoyos', 10546738, '3150013602', '30/8/1996'),
('Jose Elias', 'Munoz Pasaje', 10546903, '3056559765', '19/6/1995'),
('Albeiro ', 'Polanco Osorio', 10547088, '3324693938', '22/6/1991'),
('Aicardo ', 'Pabon Oscar', 10547255, '3270859877', '19/11/1974'),
('Roberth Alfredo', 'Euscategui Pachon', 10547293, '3097517374', '8/11/1996'),
('Juan Pablo', 'Paz Concha', 10547536, '3354598249', '6/12/1984'),
('Jose ', 'Acosta Fausto', 10547808, '3007610092', '25/11/1983'),
('Omar Geovanny', 'Hincapie Ramos', 10547914, '3132374842', '12/1/1992'),
('Alberto Jose', 'Caldas Constain', 10548030, '3463278366', '7/5/1979'),
('Jaime Ivan', 'Bolanos Solarte', 10548116, '3571114296', '17/4/1994'),
('William De', 'Garcia B', 10548117, '3544655263', '27/7/1998'),
('Oscar Andres', 'Vivas Alban', 10548134, '3338114705', '28/9/1983'),
('Javier Rodolfo', 'Valencia Figueroa', 10548665, '3425914640', '20/12/1979'),
('Laurencio ', 'Hoyos Ordonez', 10548976, '3020168482', '6/2/2004'),
('Carlos Ivan', 'Manquillo Quinayas', 10549494, '3326009534', '10/2/1992'),
('Gerardo Antonio', 'Toro Rivera', 10549877, '3440196143', '27/4/1985'),
('Diver Alfonso', 'Ijaji Gomez', 10585197, '3332212213', '18/12/1994'),
('Juan Bautista', 'Moreno Arteaga', 10591388, '3066409208', '19/9/2004'),
('Eiver ', 'Ordonez Ibarra', 10753746, '3466049339', '2/3/1970'),
('Jose Fernando', 'Mosquera Gonzalez', 11636305, '3137823674', '31/12/2006'),
('Vicente', 'Pino Berrio', 11787383, '3142082402', '12/02/1985'),
('Miguel Angel', 'Rentería Córdoba', 11789690, '3114221715', '10/10/1991'),
('Andres Felipe', 'Velasquez Mosquera', 11935424, '3153908801', '26/05/2005'),
('Eugenio ', 'Chavarro Barreto', 12108687, '3097736222', '17/4/1986'),
('Carlos Albeiro', 'Cuesta Baldrich', 12133708, '3108520664', '31/12/2006'),
('Alejandr ', 'Sanchez Hector', 12191935, '3461473361', '9/10/1976'),
('Juan Carlos', 'Angulo', 12830802, '3183046189', '28/06/2008'),
('Aristides ', 'Obando Cabezas', 12918256, '3401043574', '18/9/1990'),
('Hernando ', 'Cabrera Leyton', 12955299, '3434624738', '21/7/2000'),
('Mauro', 'Estupiñan Carabali', 12959513, '3163896434-3016064167', '6/12/1984'),
('Segundo Heleodoro', 'Inguilan Chingue', 12967252, '3598883458', '3/10/1993'),
('Gilberto Maria', 'Bolanos Pantoja', 12976097, '3258523738', '20/10/2003'),
('Diego Ignacio', 'Torres Cardenas', 12980545, '3279012689', '9/8/1994'),
('Francisco Eduar', 'Enriquez Belecazar', 12988795, '3360849709', '26/10/1975'),
('Mauro Alberto', 'Egas Realpe', 12991300, '3053566349', '2/1/1978'),
('Tirzo', 'Suarez Rodríguez', 13104340, '3148896224-3127378151', '22/09/1996'),
('Luis Humberto', 'Granados Diaz', 13229039, '3270376359', '26/1/1988'),
('Augusto ', 'Velasquez Forero', 13643183, '3131492124', '5/3/1983'),
('Erwin ', 'Meza Vega', 13718987, '3303533368', '15/5/1981'),
('Rene ', 'Zuniga Rengifo', 13804898, '3118299118', '6/1/1994'),
('Walter', 'Vides Ochoa', 13814006, '3126116204', '7/01/1984'),
('Jauri ', 'Leon Tellez', 13821058, '3068782998', '4/10/1977'),
('David Augusto', 'López Rodríguez', 13885646, '3125046565', '19/03/1988'),
('Simon Andres', 'Idrobo Zuniga', 14240369, '3087465160', '14/3/1978'),
('Hugo Leon', 'Arenas Lozano', 14877481, '3295284109', '1/11/1977'),
('Jorge Alberto', 'Ortiz Vivas', 14879204, '3431405259', '12/7/1972'),
('Leonidas ', 'Zambrano P', 14965889, '3434482230', '5/3/1991'),
('Jorge Eliecer', 'Quintero Esquivel', 14978724, '3428820290', '27/4/2002'),
('Guillermo Adolf', 'Cuellar Mejia', 14996114, '3008297532', '27/4/1978'),
('Juan Carlos', 'Casas Zapata', 15505403, '3421308670', '5/1/1990'),
('Edgar Hernando', 'Lopez Norena', 16251235, '3151076444', '2/11/1993'),
('Carlos Enrique', 'Serrano Castano', 16251338, '3451898609', '27/4/1988'),
('Adolfo Leon', 'Plazas Tenorio', 16260836, '3318940094', '5/11/2005'),
('Diego ', 'Caceres Barajas', 16267254, '3432588561', '4/2/1998'),
('Ivan Eduardo', 'Hernadez Delgado', 16274195, '3311146733', '19/5/1984'),
('Napoleon ', 'Zambrano Alfonso', 16342484, '3064496073', '25/12/1989'),
('Hugo ', 'Portela Guarin', 16347249, '3298389061', '8/11/1996'),
('Carlos Alberto', 'Rincon Lopez', 16351950, '3409491542', '5/12/1992'),
('Jaime Leon', 'Villegas Arias', 16366388, '3512732144', '12/4/1972'),
('Luis Alfonso', 'Vargas Jimenez', 16599316, '3179642989', '6/5/1981'),
('Wayner ', 'Rivera Marquez', 16611388, '3394002872', '2/5/1986'),
('Freddy Willian', 'Bustos Rengifo', 16611778, '3051454522', '29/11/1971'),
('Edwin ', 'Rengifo Canizales', 16626410, '3319236164', '21/12/1982'),
('Carlos Alberto', 'Gonzalez Callejas', 16627531, '3366004249', '13/6/1990'),
('Orlando ', 'Gutierrez Ruiz', 16627961, '3464406133', '7/1/2000'),
('German Antonio', 'Tejada Puentes', 16665788, '3126994470', '1/12/2003'),
('Humberto ', 'Perez Edier', 16687546, '3194863505', '16/1/1995'),
('Gildardo ', 'Vanegas Munoz', 16699515, '3038236625', '29/11/1988'),
(' ', 'Vivas Hevert', 16711797, '3029464258', '9/9/1977'),
('Ricardo ', 'Benitez Benitez', 16738295, '3166880161', '19/2/2000'),
('Raul Hernando', 'Cortes Landazury', 16776407, '3550885449', '17/6/1984'),
('Jose Omar', 'Zuniga Carmona', 16858001, '3007422242', '1/2/1976'),
('Manuel ', 'Paz Juan', 17159017, '3111938450', '30/6/1994'),
('Edgar De', 'Velasquez Rivera', 17633388, '3562199503', '8/4/2002'),
('Jaime ', 'Fajardo Oliveros', 17633683, '3268653069', '1/12/1979'),
('Vicente William', 'Castillo Delgado', 18122651, '3138536665', '3/08/2006'),
('Wilson Alfredo', 'Benavides Rosero', 18125465, '3277025800', '17/1/1974'),
('Diego Jesus', 'Macias Pinto', 18393603, '3411015347', '12/5/1979'),
('Hilldier ', 'Zamora Gonzalez', 19077747, '3015862852', '10/10/1984'),
('Rodrigo ', 'Lopez Agredo', 19184142, '3558419603', '16/4/1991'),
('Gilberto Eduard', 'Llanten Velasco', 19193157, '3590947312', '27/8/1974'),
('Jose Ignacio', 'Tellez Rodriguez', 19199600, '3273856233', '22/6/1985'),
('Jorge Enrique', 'Salazar Ferro', 19205663, '3237457484', '26/5/1977'),
('Alvaro Fernando', 'Martinez Pabon', 19229758, '3470547252', '31/6/1986'),
('Tulio Enrique', 'Rojas Curieux', 19250404, '3537664629', '1/5/1989'),
('Enrique ', 'Pena F', 19300241, '3186215423', '10/12/1974'),
('Carlos A', 'Gallardo Barrera', 19343842, '3555244232', '27/1/2002'),
('Jorge Wasgington', 'Coronel Garcia', 19371844, '3290436724', '29/12/1983'),
('Miguel Hugo', 'Corchuelo Mora', 19427110, '3267236387', '26/11/1979'),
('Alvaro Humberto', 'Diaz Puentes', 19490554, '3532143992', '24/12/1978'),
('Jairo Alfonso', 'Vasquez Lopez', 19585955, '3174222343', '1/2/1971'),
('Manzano Martha', 'Cardona De', 24329626, '3248299183', '17/6/1998'),
('Marling Claudina', 'Pino B', 24484060, '3104559612', '3/08/2006'),
('Nidia ', 'Satizabal Castillo', 25270727, '3490848737', '9/12/1980'),
('Tejada Maria', 'Guerrero De', 25270859, '3052078073', '26/10/1975'),
('Rosalba ', 'Lara Bravo', 25270934, '3359868702', '31/8/1973'),
('Myriam Lucia', 'Panchoaga Cabanzo', 25271533, '3291233861', '9/7/1999'),
('Angela Euigenia', 'Zuniga Pino', 25274094, '3063591451', '29/7/1997'),
('Yazmin ', 'Delgadillo Collazos', 25274109, '3185977462', '10/12/2003'),
('Ana Maria', 'Landazabal Campo', 25274188, '3051777382', '22/1/1975'),
('Leslie Andrea', 'Gual Guevara', 25274265, '3023922608', '28/8/1974'),
('Claudia Giovann', 'Viveros Tobar', 25274823, '3548058750', '13/11/1998'),
('Claudia Ximena', 'Martinez Valencia', 25276005, '3339412778', '8/1/1999'),
('Lizzeth Marcell', 'Torres Quintero', 25276265, '3260978222', '25/3/1989'),
('Gloria Mercedes', 'Belalcazar Fernández', 25277918, '3040291207', '22/5/1995'),
('Maria Fernanda', 'Mesias Mu?Oz', 25278297, '3239612361', '21/2/1974'),
('Daira ', 'Caicedo Calvache', 25278450, '3459054226', '9/5/1977'),
('Sandra Lorena', 'Vasquez Moscopan', 25279984, '3078473214', '29/8/2005'),
('Elena ', 'Rodriguez Mendez', 25280521, '3000552942', '1/5/1981'),
('Ana Luz', 'Molina Mamian', 25280532, '3258943698', '2/8/1989'),
('Maria Otilia', 'Solarte Dagua', 25280778, '3184141248', '5/5/1996'),
('Floricelda ', 'Caicedo Gonzalez', 25309623, '3598783405', '20/2/1977'),
('Maria Nelly', 'Mosquera M', 25343639, '3471721633', '25/12/1985'),
('Lyda Patricia', 'Mosquera Sanchez', 25395094, '3111792604', '13/2/1981'),
('Trujillo Deysi', 'Potosi De', 25422600, '3223535400', '11/2/1976'),
('Chilito Ma', 'Arcos De', 25559177, '3559515283', '25/2/1986'),
('Martha Eugenia', 'Arevalo Sandoval', 25611423, '3204366210', '7/9/1997'),
('Nancy ', 'Fernández Alba', 25637641, '3544621854', '24/7/1971'),
('Dora Eucaris', 'Orozco Murillo', 25681777, '3192273021', '12/6/1992'),
('Diaz Mary', 'Vidal De', 25681811, '3589130048', '7/6/1981'),
('Bolanos Graciela', 'Piamba De', 25700256, '3343410399', '26/3/2002'),
('Maria Cidenia', 'Rovira de Cordoba', 26256872, '3108804171', '24/10/1994'),
('Rosmira Elena', 'Hinestroza Mena', 26257676, '3146301864-3117236128', '2/02/1987'),
('Clara Imelda', 'Torres Artunduaga', 26492312, '3576062725', '23/6/1979'),
('Nidia Romelia', 'Meneses Munoz', 26566163, '3335641469', '14/6/1974'),
('Luz Marina', 'Tulcan Nupan', 27142494, '3358704208', '19/6/1993'),
('Parra Evila', 'Martinez De', 27445875, '3179911749', '21/12/1975'),
('Mirtha Gilma', 'Espinosa Urbano', 27450864, '3033529177', '6/1/2005'),
('Ruby Victoria', 'Quiñonez  Riascos', 27519229, '3173473480', '26/07/1987'),
('Rosa Elizabeth', 'Tabares Trujillo', 29345220, '3486731779', '11/4/1974'),
('Miryam ', 'Torres Londono', 29881316, '3425482202', '11/6/1977'),
('Patricia Eugeni', 'Velez Varela', 29993756, '3338360525', '7/2/2001'),
('Aura Teresa', 'Palacios Perez', 30735241, '3235493232', '16/11/1989'),
('Maria Elizabeth', 'Benitez Alegria', 31213007, '3529485931', '2/6/1972'),
('Lucia Ines', 'Arciniegas Molina', 31223228, '3183976220', '15/3/1989'),
('Yolanda ', 'Polo Echeverry', 31250072, '3576909731', '29/10/1976'),
(' ', 'Aristizabal Magnolia', 31266482, '3002988368', '26/8/2001'),
('Martha Lucia', 'Herrera Chica', 31289152, '3592197851', '14/6/1975'),
('C Carmen', 'Gonzalez De', 31304917, '3051906154', '27/7/1998'),
('Gomez Olga', 'Cordoba De', 31868353, '3503103004', '27/9/1971'),
('Piedad ', 'Ruiz Echeverry', 31900022, '3563156792', '17/3/1974'),
('Graciela ', 'Munoz Ortega', 31913156, '3281589543', '25/8/1994'),
('Janeth ', 'Lopez Calderon', 31913268, '3416916422', '10/2/1973'),
('Luz Elena', 'Bolivar Marinez', 31946378, '3104191582', '2/3/1983'),
('Olga Lucia', 'Hoyos Saavedra', 31948475, '3572352817', '3/7/2005'),
('Gloria Jannette', 'Munoz Arcos', 31948952, '3594898360', '19/3/1976'),
('Ma. Victoria', 'Herrera', 32658870, '3106657357', '24/10/1994'),
('Gloria Esperanza', 'Garcia Martinez', 34320529, '3021255820', '18/8/1995'),
('Miryam Adiela', 'Bustos Vivas', 34320823, '3379861615', '18/3/2003'),
('Lorencita ', 'Silva Mosquera', 34475086, '3132375604', '8/5/1975'),
('Hermila ', 'Imbachi Lopez', 34495259, '3309787634', '27/12/1974'),
('Luisa Maria', 'Manrique Paredes', 34525623, '3083402039', '11/12/1976'),
('Jimenez Lilia', 'Estrada De', 34525663, '3360781051', '24/6/1988'),
('Aura Cecilia', 'Erazo Dorado', 34525834, '3437985321', '26/4/1976'),
('Aidee ', 'Rivas Luz', 34525989, '3549558095', '10/3/1990'),
('Gonzalez Eugenia', 'Palomino De', 34526904, '3032192788', '29/2/1992'),
('Maria Nelcy', 'Orozco Garcia', 34526970, '3015850127', '28/1/2005'),
('Liliana ', 'Zura Ordonez', 34526987, '3129810842', '8/3/1998'),
('Munoz Rubby', 'Valdez De', 34527012, '3163709134', '15/7/1999'),
('Deincy Maria', 'Erazo Narvaez', 34527389, '3431316782', '20/4/1976'),
('Amanda Beatriz', 'Escobar Canencio', 34527449, '3589803383', '2/8/1972'),
('Luz Marina', 'Diago Garcia', 34527753, '3483422701', '4/1/2002'),
('De J', 'Guzman Teresa', 34527948, '3223903584', '18/5/2004'),
('Meydee Eugenia', 'Perez Dorado', 34528225, '3405442058', '14/7/2000'),
('Valencia Luz', 'Andrade De', 34528262, '3026670163', '28/8/1978'),
('Munoz Maria', 'Orozco De', 34528351, '3419103137', '11/4/1977'),
('Carmen Ofelia', 'Daza Cordoba', 34528743, '3477293449', '28/1/1985'),
('Myriam Gladys', 'Hernandez Rivas', 34528792, '3182528285', '15/1/1985'),
('Ana Liliana', 'Hidalgo Otero', 34528877, '3454674826', '20/10/2005'),
('Gloria Esperanza', 'Estrada Martinez', 34529138, '3321937757', '9/8/1995'),
('Luz Alba', 'Castillo Castillo', 34529181, '3592365081', '9/2/1990'),
('Moreno Maria', 'Insuasti De', 34529212, '3131440993', '2/12/1985'),
('Pino Luz', 'Orozco De', 34529403, '3352122060', '21/7/1975'),
('Elizabeth ', 'Gonzalez Martinez', 34529465, '3578512513', '23/9/1995'),
('Carmen Rosa', 'Ramirez Ordonez', 34529491, '3440884419', '18/2/1970'),
('Olga Maria', 'Paredes Caicedo', 34529748, '3514159043', '27/5/2001'),
('Gladys Socorro', 'Ceron Munoz', 34529864, '3300029823', '6/12/1992'),
('Marta Lucia', 'Ochoa Cadavid', 34530003, '3386294397', '3/12/2005'),
('Zulma Lilian', 'Munoz Benitez', 34530104, '3544317540', '6/10/1994'),
('Luz Marina', 'Cifuentes Plaza', 34530125, '3048946903', '5/5/1989'),
('Georgina Cecili', 'Rosero Alarcon', 34530183, '3504850875', '22/10/1977'),
('Escobar Ma', 'Arenas De', 34530532, '3043810002', '2/5/1973'),
('Maricela ', 'Munoz Lopez', 34530973, '3184732707', '24/3/1996'),
('Munoz Mary', 'Idrobo De', 34531063, '3232419734', '12/3/1982'),
('Josefina ', 'Bonilla Munoz', 34531233, '3010090502', '28/3/2000'),
('Ximena Lucia', 'Agredo Tobar', 34531725, '3115857084', '30/12/1977'),
('Luz Stella', 'Camacho Legarda', 34531966, '3467636312', '25/12/2004'),
('Fabiola Eugenia', 'Gonzalez Cuellar', 34531970, '3493696125', '23/8/1997'),
('Maria Amparo', 'Acosta Aragon', 34532270, '3019292902', '29/8/1986'),
('Tulia Deicy', 'Vidal Lopez', 34532362, '3193450624', '25/9/1973'),
('Lucia Amparo', 'Guzman Valencia', 34532691, '3117246768', '19/3/1995'),
('Sonia Liliana', 'Quira Guevara', 34532750, '3390867886', '4/8/1977'),
('Margarita ', 'Lopez Pabon', 34532839, '3352776693', '18/9/1979'),
('Stella ', 'Escobar Solis', 34532899, '3048292404', '9/5/1976'),
('Gabriela ', 'Ramirez Zuluaga', 34532933, '3018999267', '24/2/2003'),
('Olga Lucia', 'Paredes Munoz', 34533114, '3320538085', '2/11/1973'),
('Hedwig ', 'Hartmann Garces', 34533267, '3045485501', '29/9/1981'),
('Ordonez Juliana', 'Vallecilla De', 34533437, '3158911004', '31/2/1990'),
('Ramirez Eunice', 'Sanchez De', 34533642, '3138734468', '1/7/1991'),
('Maria Naira', 'Miranda Jaramillo', 34534001, '3262343867', '12/6/1977'),
('Gladys ', 'Ordonez Huertas', 34534257, '3141822052', '28/4/1974'),
('Ma Esmeralda', 'Mosquera Urrutia', 34534295, '3484205398', '18/4/1984'),
('Gladys ', 'Chavez Gutierrez', 34534297, '3087953791', '4/7/1984'),
('Luz Mariela', 'Portilla Escobar', 34534313, '3457361303', '25/12/2004'),
('Miryam Elena', 'Garcia Zuniga', 34534976, '3411766456', '28/9/1994'),
('Edith Cristina', 'Castillo Munoz', 34535472, '3236394596', '13/11/2000'),
('Ma Amparo', 'Ordonez Ceron', 34535790, '3127457664', '15/4/2003'),
('Sanchez Yolanda', 'Garcia De', 34535976, '3203476404', '3/9/1979'),
('Graciela ', 'Reyes Mendez', 34536646, '3224239715', '13/9/1997'),
('Sonia Adelaida', 'Sanchez Lopez', 34536659, '3237910337', '22/3/1995'),
('Leyla Milena', 'Llanten E', 34537008, '3063227901', '22/5/1983'),
('Adriana ', 'Bucheli Lopez', 34537236, '3151385769', '17/5/1997'),
('Nancy ', 'Lopez Ramirez', 34537406, '3591704801', '17/7/1993'),
('Mirta Elena', 'Olave Lasso', 34537470, '3207098904', '27/11/1994'),
('Noira Milena', 'Ruales Certuche', 34537521, '3372213804', '27/10/2004'),
('Ruby Adiela', 'Diago Garcia', 34537751, '3518126275', '12/8/1996'),
('Patricia ', 'Campo Aura', 34537877, '3151075301', '11/9/1970'),
('Campo Esperanza', 'Gonzalez De', 34538117, '3122333674', '4/9/1982'),
('Maria Cristina', 'Casas Fernández', 34538323, '3208230362', '14/3/1987'),
('Ruby Amparo', 'Molano Lopez', 34538605, '3009356517', '10/4/1996'),
('Rosalba ', 'Diaz Castro', 34538613, '3034176985', '29/4/1987'),
('Mary Luz', 'Alzate Camayo', 34538776, '3400729861', '6/10/1976'),
('Bustamante Alba', 'Rivera De', 34538964, '3134383397', '8/8/1987'),
('Margarita Eugenia', 'Ramirez Alegria', 34539124, '3311031360', '4/3/1972'),
('Alma Rocio', 'Imbachi C', 34539368, '3555641552', '22/4/1997'),
('Olga Adriana', 'Valdes Canencio', 34539672, '3426504779', '21/10/1978'),
('Sonia Magola', 'Guzman Lopez', 34539966, '3367906325', '13/1/1977'),
('Rocio Amparo', 'Palacios Valencia', 34540028, '3044613029', '17/3/1981'),
('Claudia Eddy', 'Collazos Rengifo', 34540629, '3395411510', '25/12/1992'),
('Amador Ana', 'Munoz De', 34540950, '3115383862', '16/3/1997'),
('Esperanza ', 'Andrade Reinoso', 34540977, '3409131945', '13/8/1981'),
('Ana Milena', 'Escobar Cobo', 34541039, '3381312349', '4/4/2000'),
('Gloria Esperanza', 'Daza Timana', 34541388, '3261648942', '28/1/1990'),
('Luz Oliva', 'Herrera Sanchez', 34541493, '3422031241', '17/10/1977'),
('Maria Clara', 'Rodriguez S', 34541655, '3219142280', '26/4/2003'),
('Maria Argenis', 'Velasco Sanchez', 34542310, '3249695919', '21/12/1993'),
('Amali ', 'Tobar Orozco', 34542328, '3574693501', '25/10/1976'),
('Nhora Mercedes', 'Herrera Leon', 34542339, '3388703205', '5/11/1993'),
('Astudillo Silvia', 'Mosquera De', 34542390, '3554511159', '2/4/1997'),
('Marlem ', 'Mariaca Mendez', 34542432, '3128090249', '17/8/1985'),
('Luz Marina', 'Munoz Hurtado', 34542480, '3153234679', '18/2/2005'),
('Elizabeth ', 'Cobo Forero', 34542680, '3148273242', '19/6/2003'),
('Maria Virgina', 'Pinzon Fernández', 34542710, '3376734069', '10/5/1999'),
('Yolanda Del', 'Arcos Legarda', 34542749, '3034557399', '14/10/1973'),
('Gloria Amparo', 'Ramirez Zuluaga', 34542984, '3304450597', '12/11/1982'),
('Dokia Marysol', 'Zuniga Mosquera', 34543027, '3312915987', '31/10/2001'),
('Carmen Libia', 'Mu?Oz Pareja', 34543526, '3500862284', '24/11/1973'),
('Teresa De', 'Toledo Gomez', 34543873, '3419936369', '22/8/1981'),
('Martha Isabel', 'Vivas Chacon', 34544390, '3294395567', '29/5/1988'),
('Gloria Ines', 'Avila Gonzalez', 34544560, '3524318567', '26/10/1978'),
('Lina Maria', 'Camayo Campo', 34544605, '3268353168', '26/1/1976'),
('Luz Melida', 'Lemos Mera', 34544663, '3583358547', '22/6/1979'),
('Nubia ', 'Urrea Hoyos', 34544841, '3522099301', '18/8/2004'),
('Liliana Maria', 'Perez Tenorio', 34545170, '3572880667', '25/9/1992'),
('Isabel ', 'Sanjuan Maria', 34545285, '3053216316', '17/7/1991'),
('Lady Cristina', 'Paz Burbano', 34545299, '3458176138', '25/7/2003'),
('Maria Amparo', 'Cometa Lopez', 34545367, '3437886423', '21/8/1987'),
('Clara Ines', 'Mendez Saavedra', 34545405, '3225561680', '29/8/1993'),
('Sunilde Esperan', 'Samboni Mera', 34545440, '3559804253', '25/2/1988'),
('Carmen Eugenia', 'Munoz Orozco', 34545475, '3196999312', '5/9/1996'),
('Gisela Mabel', 'Paz Perafan', 34546261, '3085792862', '25/11/1994'),
('Beatriz Eugenia', 'Perafan Nates', 34546429, '3010737887', '5/3/1988'),
('Claudia Cecilia', 'Caicedo Alzate', 34546446, '3361671843', '17/5/1978'),
('Aristizabal Julieta', 'Montero De', 34546723, '3111230754', '15/1/1993'),
('Sonia Elena', 'Casanova Sevillano', 34546936, '3438116636', '29/5/1970'),
('Marta Cecilia', 'Palomino Martinez', 34547349, '3174113859', '11/2/1989'),
('Gloria Janeth', 'Molina Velasco', 34547423, '3472507483', '23/6/1978'),
('Velasco Ana', 'Lopez De', 34547458, '3203368844', '16/11/1976'),
('Carmen Ofelia', 'Ceron Fernández', 34547531, '3599982366', '21/10/1983'),
('Tania Maritza', 'Pabon Ruiz', 34547683, '3568069889', '8/7/2000'),
('Lucila Aydee', 'Certuche Rojas', 34547705, '3000182707', '3/10/1989'),
('Diana Maribel', 'Lopez Cortes', 34547717, '3096680840', '2/6/1974'),
('Doris ', 'Hurtado Timana', 34547961, '3391289607', '18/4/1970'),
('Rosana ', 'Perez Mera', 34548200, '3124674753', '15/1/1989'),
('Alice Marina', 'Diaz Betancourt', 34549144, '3460935929', '27/3/1996'),
('Olga Lucia', 'Camacho Munoz', 34549510, '3494086599', '16/4/1973'),
('Francy Stella', 'Martinez Velasco', 34549564, '3107417977', '6/4/1973'),
('Margot Patricia', 'Lopez Serna', 34550236, '3015453119', '22/9/1971'),
('Maria Del', 'Ibarra Lopez', 34550274, '3233874265', '12/7/1987'),
('Claudia Nedelca', 'Grueso Molina', 34550427, '3349682794', '20/2/1970'),
('Ximena ', 'Rodriguez Andrade', 34550789, '3293823056', '3/1/1996'),
('Sandra ', 'Guevara Molano', 34550851, '3398401292', '5/4/1976'),
('Martha Elena', 'Pasquel Rojas', 34551101, '3079705102', '26/7/1973'),
('Yenny Ruby', 'Castillo Cobo', 34551126, '3064272439', '13/9/2000'),
('Gloria Esperanza', 'Rojas Alvarado', 34551642, '3578063769', '2/2/2001'),
('Luz Angelica', 'Arias Saray', 34551673, '3518080768', '7/5/1994'),
('Beatriz Eugenia', 'Bastidas Sanchez', 34551703, '3417839210', '23/3/1993'),
('Alba Mireya', 'Ordonez Salinas', 34552276, '3503530849', '21/2/1994'),
('Doris Socorro', 'Ramirez Rengifo', 34552278, '3320767345', '16/7/1994'),
('Martha Lucia', 'Cortez Bonilla', 34552524, '3543308339', '13/2/1977'),
('Dayra Mariela', 'Munoz Anasco', 34554034, '3486112806', '3/3/1999'),
('Maria Isabel', 'Plaza Gaviria', 34554264, '3227198461', '7/7/1976'),
(' ', 'Urrea Flordelis', 34554676, '3101794753', '17/3/1971'),
('Ruth Isabel', 'Gamez Farias', 34554680, '3420646899', '4/9/1973'),
('Maria Fernanda', 'Figueroa Gomez', 34555659, '3279985573', '6/4/2002'),
('Mary Luz', 'Gahona Lasso', 34555766, '3207747872', '1/12/2001'),
('Consuelo Susana', 'Puerta Lopez', 34555774, '3571557470', '8/3/1973'),
('Lina Maria', 'Maya Mejia', 34556088, '3585115265', '28/10/2001'),
('Rocio Yaneth', 'Ceballos Ordonez', 34556269, '3086605650', '30/8/2005'),
('Carmenza ', 'Gutierrez Guevara', 34556315, '3023145597', '24/3/2001'),
('Elsa Betty', 'Velasco Valencia', 34556513, '3088523233', '31/3/2000'),
('Maria Astrid', 'Salazar Benachi', 34556577, '3156137033', '28/9/1989'),
('Ana Maria', 'Sandoval Camayo', 34556804, '3496168368', '18/3/1997'),
('Claudia Janeth', 'Hoyos Concha', 34556932, '3365242086', '12/7/1980'),
('Maria Alexandra', 'Munoz Campo', 34557202, '3419526923', '18/9/1990'),
('Olga Maite', 'Certuche Munoz', 34557739, '3109228146', '5/2/1987'),
('Sandra ', 'Morales Velasco', 34557784, '3536591021', '31/12/1981'),
('Leneyda ', 'Munoz Montenegro', 34557964, '3483842140', '24/2/1986'),
('Maria Cristina', 'Canencio Sandoval', 34558215, '3443617376', '30/7/1984'),
('Clara Elisa', 'Gomez Bolanos', 34558518, '3159189366', '1/10/1997'),
('Clara Eugenia', 'Becerra Cortes', 34558659, '3263749938', '21/4/1981'),
('Marta Lucia', 'Chaguendo Diaz', 34558810, '3185796567', '29/7/1984'),
('Yulietd Piedad', 'Rivera Morcillo', 34559928, '3286959950', '14/6/1994'),
('Marisol ', 'Jordan Montilla', 34560136, '3000943066', '2/1/1985'),
('Maria Del', 'Joaqui Astaiza', 34560357, '3082267231', '19/2/1993'),
('Adalgisa ', 'Parra Obando', 34560826, '3190712014', '12/6/1989'),
('Dora Nuria', 'Insuasti Patino', 34562037, '3214790712', '11/11/1977'),
('Sandra Maria', 'Fernández Coral', 34562187, '3043398984', '20/2/1982'),
('Clara Ines', 'Tobar Tenjo', 34562227, '3448605216', '6/8/1998'),
('Elizabet ', 'Astaiza Perafan', 34562400, '3179570061', '9/10/1982'),
('Maria Yensi', 'Astudillo Perez', 34562778, '3093705734', '31/8/1986'),
('Lorena Patricia', 'Gomez Victoria', 34563309, '3111345853', '23/1/1971'),
('Gloria Amparo', 'Bolanos Solano', 34564081, '3150732151', '11/10/2004'),
('Zuly Nerieth', 'Novoa Romero', 34564288, '3198226276', '23/9/1990'),
('Sandra Jimena', 'Jacome Velasco', 34565722, '3103434963', '28/7/1978'),
('Beatriz Elisa', 'Piamba Ruiz', 34565754, '3309571391', '4/10/1997'),
('Clara Eugenia', 'Illera Aristizabal', 34567184, '3068783385', '18/9/1970'),
('Bibiana ', 'Perafan Sanchez', 34568372, '3471974485', '9/2/2001'),
(' ', 'Rivera Elizete', 34568577, '3325756880', '4/9/1971'),
('Marisol ', 'Munoz Ordonez', 34569042, '3293444047', '25/1/1979'),
('Monica Del', 'Bucheli Quina', 34570500, '3433704115', '29/7/1990'),
('Victoria Eugeni', 'Munoz Valencia', 34570633, '3317470254', '23/6/1976'),
('Sandra Liliana', 'Colina Henao', 34570846, '3051189290', '23/6/1988'),
('Lix Adriana', 'Zambrano Morales', 34571582, '3232057794', '18/4/1988'),
('Yenni Angelica', 'Conde Cardona', 34571854, '3571994051', '10/4/1987'),
('Ana Avelina', 'Munoz Sanchez', 34572174, '3381580963', '5/5/1999'),
('Maria Efigenia', 'Penagos Dagua', 34595998, '3266275483', '6/8/1999'),
('Deyanira ', 'Munoz Munoz', 38941250, '3370350011', '12/9/1998'),
('Luz Marina', 'Rojas Rey', 39610473, '3415772470', '19/9/1978'),
('Rosa Maria', 'Moya Quijano', 40387947, '3527574517', '16/10/1998'),
('Rivera Adelina', 'Fierro De', 40757341, '3013152197', '12/3/1994'),
('Farides Margarita', 'Pitre Redondo', 40922381, '3004228232', '14/12/2001'),
('Maria Marlen', 'Bendeck Lugo', 41573309, '3193383911', '25/6/1980'),
('Elsa Gladys', 'Casas R', 41575274, '3086791964', '31/10/1997'),
('Isabel Del', 'Bravo Realpe', 41640024, '3576785834', '21/8/1979'),
('Gloria Judith', 'Castro Bohorquez', 41687109, '3346762786', '27/3/2005'),
('Maria Cecilia', 'Alvarez Vejarano', 41733718, '3366532169', '8/11/2002'),
('Nubia ', 'Oliveros Cordoba', 41736871, '3523983989', '30/2/1976'),
('Zoraida ', 'Ramirez Gutierrez', 41936740, '3309381774', '14/3/1985'),
('Lopez Nora', 'Agudelo De', 42870562, '3012362137', '31/2/1984'),
('Irma Piedad', 'Arango Gaviria', 43040911, '3146742138', '21/4/1992'),
('Cermina Ester', 'Guerra Medina', 45366903, '3162871998', '6/04/2006'),
('Martha Isabel', 'Bolivar Lobato', 45766496, '3173457576', '3/6/1987'),
('Sandra Patricia', 'Benavidez Collazos', 48600072, '3237143635', '19/11/1979'),
('Maritza ', 'Lopez Gomez', 48600362, '3445999864', '8/4/2002'),
('Milenor', 'Mosquera Mosquera', 48627755, '3207694674 - 3175003040', '14/12/1989'),
('Aura Maria', 'Vasquez Mera', 48661503, '3381972648', '8/11/1974'),
('Gladys Beatriz', 'Galindo Mantilla', 51579468, '3234743096', '18/7/1994'),
('Martha Del', 'Mendoza Vargas', 51599545, '3292368840', '16/5/1982'),
('Consuelo ', 'Montes Rojas', 51628500, '3554195508', '9/10/1972'),
('Claudia Nayibe', 'Salamanca Ragua', 51772636, '3296267061', '1/4/1988'),
('Mabel Odilia', 'Farfan Martinez', 51783848, '3351774752', '24/10/2002'),
('Elizabeth ', 'Castillo Guzman', 51898307, '3501775047', '7/9/1990'),
('Margarita Maria', 'Lopez Manzano', 52007791, '3099714904', '12/5/1990'),
('Olga Lucia', 'Cadena Duran', 52021928, '3402574226', '4/10/1980'),
('Pilar ', 'Campos Martha', 52025116, '3565433836', '12/3/1981'),
('Yussy Sofía', 'Salas Mosquera', 54258699, '3143400301', '23/03/2005'),
('Sandra Milena', 'Villota Enriquez', 59824341, '3039661002', '7/1/1978'),
('Martha Eliana', 'Mendoza Becerra', 63483237, '3396045747', '30/8/1995'),
('Sandra Milena', 'Roa Martinez', 63516527, '3426426854', '6/6/1997'),
('Carolina ', 'Castrillon Ojeda', 63516851, '3438785166', '1/11/1972'),
('Yaneth', 'Ladeuth Chica', 64920983, '3006705593', '25/03/2005'),
('Isabel Cristina', 'Rivera Lozada', 66767305, '3426910134', '16/2/2001'),
('Maria Del', 'Astudillo Fernández', 66923034, '3076953756', '19/2/1991'),
('Francisco Alexis', 'Arce Arango', 70113138, '3202861920', '16/08/1997'),
('Victo Hugo', 'Campo Daza', 71674315, '3205012319', '31/6/1987'),
('Miguel Ángel', 'Cassiani Chico', 73144493, '3013614948', '14/12/1989'),
('Luis Guillermo', 'Jaramillo Echeverry', 75067823, '3462624222', '3/7/1976'),
('Juan Fernando', 'Vergara Escobar', 75071097, '3559753763', '13/5/1983'),
('Juan Carlos', 'Aguirre Garcia', 75076432, '3033899140', '16/1/1975'),
('Luis Cornelio', 'Angulo Mosquera', 76043192, '3178689518', '2/08/2008'),
('James Alexis', 'Mina Orejuela', 76141974, '3124852492', '22/09/2015'),
('Gabriel ', 'Velasco Sandoval', 76211401, '3317442908', '11/11/1991'),
('Rigoberto ', 'Gomez Cobo', 76238105, '3455612499', '23/4/1998'),
('Aly ', 'Sanchez Dairo', 76276223, '3022977023', '20/3/1974'),
('Diego Alonso', 'Alegria Fernández', 76288230, '3031722333', '3/6/1982'),
('Misael ', 'Morcillo Cuellar', 76303530, '3364957060', '5/1/1971'),
('Lino ', 'Gomez Acosta', 76303571, '3319238929', '17/8/1976'),
('Denis ', 'Campana Tosse', 76303646, '3576602881', '21/9/1984'),
('Antonio Jose', 'Paz Bonilla', 76304162, '3259345548', '7/12/1984'),
('Cesar Augusto', 'Zapata Monje', 76304423, '3153731905', '3/9/2002'),
('Jose Giovanny', 'Lopez P', 76305514, '3256515460', '24/7/2004'),
('Guillermo Aleja', 'Agredo Torres', 76305729, '3241871904', '20/6/1999'),
('Rodolfo Leon', 'Casas Pena', 76305748, '3598056976', '28/6/1977'),
('Henry Giovanni', 'Bastidas Escobar', 76306105, '3449218758', '9/5/1981'),
('Miguel Alfonso', 'Falla Guacheta', 76306235, '3000371283', '9/11/1977'),
('Ariel Enrique', 'Sanchez Mosquera', 76306460, '3079799478', '1/5/1988'),
('Victor Hugo', 'Rodriguez Lopez', 76306528, '3255054523', '20/12/1987'),
('Victor Manuel', 'Herrera Leon', 76306776, '3107034767', '3/7/2000'),
('Juan Carlos', 'Pino Correa', 76307112, '3025518857', '11/5/1999'),
('Juan Pablo', 'Caicedo Rivera', 76307176, '3031554391', '11/10/1974'),
('William Efrain', 'Abella Herrera', 76307332, '3092443075', '25/10/1995'),
('Edgar Oswaldo', 'Astudillo Mosquera', 76307516, '3493521786', '1/10/1993'),
('Milton Javier', 'Lopez Garcia', 76307943, '3120237775', '30/1/1976'),
('Jesus Albeiro', 'Calambas Urrea', 76308616, '3061509055', '3/7/1996'),
('Eider Eduardo', 'Florez Quintero', 76308663, '3101139895', '16/11/1988'),
('Jose Del', 'Ruiz Obando', 76308759, '3303004387', '12/5/1990'),
('Jorge Eduardo', 'Gonzalez Jimenez', 76309263, '3408893407', '10/4/1973'),
('Fredy Hernan', 'Martinez Gomez', 76310057, '3250842495', '24/12/2002'),
('Hector Fabian', 'Melenje Urrea', 76310214, '3435950199', '7/11/2002'),
('Carlos Alberto', 'Gaviria Lopez', 76310264, '3089855987', '1/12/2000'),
('Fabian Andres', 'Gonzalez Sarria', 76310706, '3532186133', '6/5/1997'),
('Rodrigo Alirio', 'Manrique Solis', 76310864, '3062189086', '4/1/2001'),
('Santiago ', 'Castro Turbay', 76311322, '3071354570', '13/7/1982'),
('Freddy Claver', 'Lopez Bahos', 76311533, '3270091677', '15/2/2002'),
('Jesus Antonio', 'Caicedo Camilo', 76311773, '3571268172', '2/12/1996'),
('Ivan Alberto', 'Ruiz Camayo', 76311865, '3320295847', '25/10/2001'),
('Wilson Gentil', 'Lopez Munoz', 76311937, '3191731390', '7/4/1999'),
('Hector Jaime', 'Mosquera Chamorro', 76312338, '3579227763', '26/1/2001'),
('Jaime Andres', 'Velasco Munoz', 76312414, '3424474217', '26/12/2000'),
('Fabian Andres', 'Montua Munoz', 76312642, '3030417478', '25/11/1999'),
('Ever Daniel', 'Castrillon Serna', 76312813, '3378745361', '30/12/1994'),
('Dario Erney', 'Mauna Fernández', 76313110, '3234597889', '11/3/1978'),
('Jersey ', 'Florez Perez', 76313275, '3528814504', '14/8/1986'),
('Julio Cesar', 'Piamba Anaya', 76313505, '3150862614', '17/1/1975'),
('Carlos Alberto', 'Valencia Ceron', 76313761, '3455954338', '2/8/1999'),
(' ', 'Fernández Marino', 76314121, '3239040211', '10/1/1980'),
('Miyer Eduardo', 'Murillo Anaconas', 76314294, '3511513580', '27/5/1995'),
('Freddy Alberto', 'Pacheco Vidal', 76314930, '3238985555', '5/7/1984'),
('Aldex ', 'Ortiz Londo?O', 76315049, '3247845212', '7/7/2002'),
('Jose Alfredo', 'Palta Andrade', 76315243, '3392876750', '28/5/1986'),
('Alexander ', 'Buendia Astudillo', 76315848, '3461217853', '2/5/1986'),
('Jose Fernando', 'Perez Restrepo', 76316009, '3498225289', '29/2/1972'),
('Leonardo Andres', 'Burbano Molano', 76316552, '3071959965', '24/7/1994'),
('Hermes Arnaldo', 'Quijano Paz', 76316564, '3403801198', '27/10/1976'),
('Alexander ', 'Fajardo Sarria', 76316972, '3354570224', '1/9/1984'),
('Carlos Alberto', 'Alegria Velasquez', 76317155, '3336825198', '1/6/1994'),
('Edgar William', 'Jurado Soto', 76317172, '3487365691', '13/12/1982'),
('Carlos Hernan', 'Sierra Torres', 76318112, '3448189208', '25/7/1984'),
('Carlos Andres', 'Medina Viana', 76318256, '3081420105', '14/2/1992'),
('Paulo Cesar', 'Cobo Muriel', 76318697, '3555773408', '5/2/1997'),
('Edwin Nestor', 'Burbano Castro', 76318831, '3312981620', '20/9/1978'),
('Fredy Javier', 'Lopez Molina', 76318982, '3049314542', '14/6/1977'),
('Jhon Carlos', 'Melendez Benavidez', 76319565, '3000624575', '15/11/1982'),
('Francisco Javier', 'Valencia Castillo', 76319847, '3043610542', '27/3/1999'),
('Vladimir ', 'Trujillo Arias', 76320040, '3051950266', '18/12/1976'),
('Eduar ', 'Fuli Francisco', 76320042, '3307438727', '25/6/1971'),
('Elmer Gerardo', 'Jurado Soto', 76320287, '3501495972', '7/4/1995'),
('Gerardo ', 'Martinez Canencio', 76320696, '3093797877', '4/11/1973'),
('Plinio Alexander', 'Certuche Guerrero', 76320754, '3404493472', '11/12/1985'),
('Alexis Adolfo', 'Solarte Sandoval', 76321132, '3059896334', '1/4/1993'),
('Jorge Andres', 'Orodnez Rivera', 76321196, '3050196385', '17/2/1996'),
('Milton Fabian', 'Diaz Mosquera', 76321456, '3346438158', '18/2/1975'),
('Alejandro ', 'Toledo Tobar', 76321704, '3222182985', '21/2/1984'),
('German Jose', 'Ramos Mera', 76322101, '3430747195', '15/8/1985'),
('Eduard Mauricio', 'Macias Caicedo', 76322366, '3477031651', '7/10/1992'),
('John Gerardo', 'Yanza Bravo', 76322524, '3532286202', '5/1/1988'),
('Carlos Rene', 'Ordonez Mora', 76323271, '3427268819', '25/3/1998'),
('Saulo Marino', 'Fuli Maca', 76323372, '3390238162', '27/12/2003'),
('Guefry Leider', 'Agredo Mendez', 76323459, '3195620791', '15/10/1997'),
('Diego Alexander', 'Sarria Collazos', 76323900, '3466287558', '28/3/1996'),
('Hugo Andres', 'Belalcazar Ceron', 76324843, '3109880830', '5/8/1979'),
('Luis Armando', 'Quenguan Imbachi', 76326458, '3410222955', '28/2/1996'),
('Mauricio ', 'Orozco Colonia', 76326581, '3421369638', '4/10/1987'),
('Javier ', 'Collazos Jacinto', 76327624, '3354320815', '1/11/1999'),
('Rodrigo Alberto', 'Mendez Giraldo', 76328586, '3416249091', '16/9/1980'),
('Julio Cesar', 'Ulcue Trujillo', 76330147, '3425541341', '23/5/1980'),
('Leonel ', 'Capote Ipiales', 76330222, '3031768400', '24/6/1994'),
('Diego Fernando', 'Ruiz Solarte', 76331824, '3355994986', '12/6/1988'),
('Oscar Hernan', 'Camayo Vasquez', 76332255, '3358722312', '25/3/1973'),
('Carlos Andres', 'Sarzosa Fletcher', 76332522, '3387065537', '5/12/1995'),
('Gener', 'Nazarit Díaz', 76337508, '3114575330', '10/11/2009'),
('Gustavo Adolfo', 'Ordonez Astudillo', 79343856, '3425507891', '27/1/1978'),
('Milton ', 'Arango Quintana', 79390100, '3157690479', '23/3/1974'),
('Camilo Ernesto', 'Andrade Sossa', 79459964, '3529628816', '19/4/1973'),
('Hector Fabio', 'Jaramillo Ordonez', 79755939, '3347285667', '4/10/1980'),
('Carlos Eduardo', 'Rueda Rodriguez', 80411409, '3172778419     3168926542', '25/07/1999'),
('Edwin José', 'Guerrero Mosquera', 82361344, '3123066509', '6/07/2005'),
('Alvaro Rene', 'Restrepo Garces', 87246557, '3354793508', '11/11/1994'),
('Hector Ricardo', 'Bolanos Palacios', 87246681, '3132129334', '11/11/1998'),
('Marino Antonio', 'Quiñones', 87432212, '3137716133', '6/04/2006'),
('Carlos Alberto', 'Cobo Lozada', 91154963, '3375339995', '24/4/1970'),
('Fernando Jose', 'Hernandez Blanco', 91155450, '3217279083', '1/3/1991'),
('Miguel Angel', 'Nino Zambrano', 91288035, '3528330948', '23/8/2003'),
('Jorge Jair', 'Moreno Chaustre', 91296197, '3001093810', '16/8/2004'),
('Roberto Carlos', 'Naranjo Cuervo', 91480592, '3284121360', '22/6/2003'),
('Rubiel ', 'Vargas Canas', 91497137, '3397757625', '10/12/1997'),
('Elkin Dario', 'Cardenas Diaz', 92228625, '3402275647', '3/9/1975'),
('Alex Manuel', 'Montes Padilla', 92528324, '3307513775', '30/2/1993'),
('Willy Will', 'Sierra Arroyo', 92532699, '3254454511', '8/4/1986'),
('Luis Reinel', 'Vasquez Arteaga', 93366281, '3317907961', '27/10/2000'),
('Alfonso Enrique', 'Ramirez Sanabria', 94310837, '3264258081', '31/7/1971'),
('Gerardo Arturo', 'Loaiza Motato', 94375040, '3449271091', '12/6/1981'),
('Jhon Alexander', 'Giraldo Chavarriaga', 94432606, '3219309739', '3/6/1993'),
('﻿Ma. Cristina', 'lloreda Mena', 1034456789, '3137551572', '23/03/1989'),
('Rudy Amanda', 'Hurtado Garces', 1064488437, '3215261009', '4/02/2022'),
('Pedro José', 'Quiñones valencia', 1089543105, '3218730425 - 3136066742', '3/08/2006'),
('Elmer Arnaldo', 'Mosquera', 1116789125, '3188753268', '27/10/2023'),
('Dennis Juseth', 'Atuesta Ibarguen', 1120568969, '3152374841', '6/06/2022');

--
-- Índices para tablas volcadas
--

--
-- Indices de la tabla `autores`
--
ALTER TABLE `autores`
  ADD PRIMARY KEY (`Id_autor`);

--
-- Indices de la tabla `detalle_prestamo`
--
ALTER TABLE `detalle_prestamo`
  ADD KEY `Id_prestamo` (`Id_prestamo`),
  ADD KEY `Id_libro` (`Id_libro`);

--
-- Indices de la tabla `idiomas`
--
ALTER TABLE `idiomas`
  ADD PRIMARY KEY (`Id_idioma`);

--
-- Indices de la tabla `libros`
--
ALTER TABLE `libros`
  ADD PRIMARY KEY (`Id_libros`),
  ADD KEY `Id_autor` (`Id_autor`),
  ADD KEY `Id_pais` (`Id_pais`),
  ADD KEY `Id_idioma` (`Id_idioma`);

--
-- Indices de la tabla `paises`
--
ALTER TABLE `paises`
  ADD PRIMARY KEY (`Id_pais`);

--
-- Indices de la tabla `prestamos`
--
ALTER TABLE `prestamos`
  ADD PRIMARY KEY (`Id_prestamo`),
  ADD KEY `Id_usuario` (`Id_usuario`);

--
-- Indices de la tabla `usuarios`
--
ALTER TABLE `usuarios`
  ADD PRIMARY KEY (`Cedula`);

--
-- AUTO_INCREMENT de las tablas volcadas
--

--
-- AUTO_INCREMENT de la tabla `autores`
--
ALTER TABLE `autores`
  MODIFY `Id_autor` int(6) NOT NULL AUTO_INCREMENT, AUTO_INCREMENT=209617;

--
-- AUTO_INCREMENT de la tabla `idiomas`
--
ALTER TABLE `idiomas`
  MODIFY `Id_idioma` int(4) NOT NULL AUTO_INCREMENT, AUTO_INCREMENT=3541;

--
-- AUTO_INCREMENT de la tabla `libros`
--
ALTER TABLE `libros`
  MODIFY `Id_libros` int(4) NOT NULL AUTO_INCREMENT, AUTO_INCREMENT=101;

--
-- AUTO_INCREMENT de la tabla `paises`
--
ALTER TABLE `paises`
  MODIFY `Id_pais` int(6) NOT NULL AUTO_INCREMENT, AUTO_INCREMENT=597594;

--
-- AUTO_INCREMENT de la tabla `prestamos`
--
ALTER TABLE `prestamos`
  MODIFY `Id_prestamo` int(4) NOT NULL AUTO_INCREMENT, AUTO_INCREMENT=688;

--
-- Restricciones para tablas volcadas
--

--
-- Filtros para la tabla `detalle_prestamo`
--
ALTER TABLE `detalle_prestamo`
  ADD CONSTRAINT `detalle_prestamo_ibfk_1` FOREIGN KEY (`Id_libro`) REFERENCES `libros` (`Id_libros`),
  ADD CONSTRAINT `detalle_prestamo_ibfk_2` FOREIGN KEY (`Id_prestamo`) REFERENCES `prestamos` (`Id_prestamo`);

--
-- Filtros para la tabla `libros`
--
ALTER TABLE `libros`
  ADD CONSTRAINT `libros_ibfk_1` FOREIGN KEY (`Id_autor`) REFERENCES `autores` (`Id_autor`) ON UPDATE CASCADE,
  ADD CONSTRAINT `libros_ibfk_2` FOREIGN KEY (`Id_idioma`) REFERENCES `idiomas` (`Id_idioma`) ON UPDATE CASCADE,
  ADD CONSTRAINT `libros_ibfk_3` FOREIGN KEY (`Id_pais`) REFERENCES `paises` (`Id_pais`) ON UPDATE CASCADE;

--
-- Filtros para la tabla `prestamos`
--
ALTER TABLE `prestamos`
  ADD CONSTRAINT `prestamos_ibfk_1` FOREIGN KEY (`Id_usuario`) REFERENCES `usuarios` (`Cedula`) ON UPDATE CASCADE;
COMMIT;

/*!40101 SET CHARACTER_SET_CLIENT=@OLD_CHARACTER_SET_CLIENT */;
/*!40101 SET CHARACTER_SET_RESULTS=@OLD_CHARACTER_SET_RESULTS */;
/*!40101 SET COLLATION_CONNECTION=@OLD_COLLATION_CONNECTION */;
